y_true,y_pred_mean,y_pred_std
9.37,9.4946575,0.25334492
9.5,9.04583,0.25047988
9.74,9.859681,0.24962546
8.86,8.506698,0.25735116
9.67,9.72068,0.25176257
9.85,9.631625,0.25662073
8.76,8.501608,0.23938568
9.66,9.91683,0.2957614
9.22,9.357701,0.27790415
10.12,10.06234,0.28360945
10.13,10.224777,0.3013229
9.440001,9.5605955,0.27195665
9.31,9.269046,0.21735814
9.01,9.322205,0.25643623
9.14,9.450848,0.2525546
9.31,9.2701645,0.23294336
9.35,9.937583,0.22008543
9.4800005,9.305967,0.2506316
9.18,9.275205,0.3070255
9.780001,9.858982,0.25472975
9.59,9.725729,0.2529815
9.070001,9.487085,0.26458132
9.18,8.881077,0.21518081
9.820001,9.836495,0.31592983
10.22,10.068159,0.30391124
9.89,10.025404,0.30896437
9.83,9.913083,0.28854582
6.81,8.018418,0.24122222
9.99,10.154588,0.31911418
10.17,10.149581,0.30244884
9.12,9.272219,0.24354511
9.14,9.086438,0.21633188
9.63,9.874134,0.27973208
9.73,9.846898,0.29874688
9.73,9.855665,0.26535863
9.36,9.29298,0.24249403
9.23,9.197364,0.24958822
8.04,8.768991,0.20152771
9.39,9.906725,0.26940322
9.35,9.295807,0.2546362
10.320001,10.248486,0.31664032
9.2699995,9.247934,0.2421501
9.53,9.7651615,0.2513318
9.099999,9.504551,0.25145078
9.7699995,9.563906,0.23430203
10.110001,10.12955,0.30375218
10.04,10.160364,0.31497976
10.1,10.13131,0.31221694
8.4800005,8.475114,0.21323888
9.84,9.642805,0.2665314
7.79,7.98242,0.24324337
9.9,9.712434,0.24387911
8.58,8.314148,0.2077784
9.81,9.617413,0.27234447
9.67,9.745464,0.26141492
9.87,9.901562,0.23848268
10.05,9.996454,0.26262045
8.4800005,8.814589,0.21270213
9.22,8.786434,0.23830697
9.66,9.566749,0.2977395
7.8100004,8.024509,0.24737702
8.650001,8.902175,0.23608339
9.22,9.251031,0.22572151
9.96,10.062201,0.31239602
8.99,9.449051,0.23859362
8.49,8.595735,0.21031733
9.79,9.694143,0.24532993
9.099999,9.421443,0.29420042
7.95,8.231555,0.18650667
9.8,9.987329,0.30455965
9.87,9.967251,0.2574499
10.139999,10.0759115,0.3073662
10.18,10.0607605,0.35236788
9.150001,9.4553,0.26348373
10.5,10.331031,0.33822146
9.4800005,9.782136,0.2893674
9.34,9.2594595,0.28133413
9.26,9.590831,0.2615156
9.83,10.024242,0.28143984
9.84,10.017548,0.24420382
10.490001,10.409617,0.3354044
9.57,9.697467,0.24474415
9.76,9.948986,0.3404055
9.38,9.516222,0.26025528
9.910001,9.563921,0.25936994
9.57,9.522369,0.2440703
9.690001,10.206793,0.30543622
9.37,9.791015,0.27430364
9.73,10.166777,0.32472312
9.2699995,10.019316,0.30263186
8.97,9.140933,0.22475553
9.81,10.230941,0.29520708
9.7699995,9.819852,0.30072165
9.79,9.84182,0.2977453
7.92,8.368187,0.22371757
8.870001,9.15676,0.24989402
10.53,10.388541,0.31478527
8.7,9.317417,0.24552138
10.05,10.103249,0.3065117
9.56,9.459379,0.24995089
10.13,10.174371,0.2734563
9.66,9.371054,0.2639748
9.79,9.898335,0.26181683
9.469999,9.832611,0.25944996
9.97,10.044642,0.24778147
8.9,8.463331,0.18976356
9.39,9.809519,0.25818416
10.04,9.795534,0.26959994
9.780001,10.169451,0.2668129
8.34,9.031048,0.23427959
9.410001,9.704799,0.19064404
9.51,9.841378,0.26083615
10.360001,9.930486,0.2904689
9.7699995,9.95035,0.29073367
10.18,9.912273,0.26540837
9.110001,8.793229,0.23258871
9.96,10.1194105,0.27220738
9.950001,10.021903,0.31345668
10.57,10.368403,0.33705714
9.84,9.840032,0.2892825
9.17,9.123634,0.25142047
10.2,10.202148,0.32827154
9.9800005,9.989499,0.28722426
10.34,10.360535,0.2846139
9.29,9.345628,0.23766553
8.51,8.878752,0.21724857
9.64,9.719807,0.272767
9.8,10.021025,0.2809489
10.2699995,10.315421,0.36438152
9.88,10.144171,0.28797913
9.14,9.217752,0.24141736
10.0,10.03056,0.30314618
7.79,8.145048,0.2640577
9.29,9.531693,0.2552578
9.72,9.728564,0.2779156
7.69,8.193896,0.20626119
9.93,9.932003,0.29555482
10.2300005,10.304467,0.30060044
9.7,9.796268,0.28203276
9.13,9.38385,0.27236277
10.18,10.292658,0.28396636
9.12,9.458819,0.2512694
9.05,8.554102,0.20018497
9.89,10.131847,0.27385232
9.63,9.300348,0.23083939
9.97,10.047167,0.31038925
9.7699995,9.258747,0.23595735
9.73,9.904453,0.2592679
9.599999,9.860465,0.30872285
9.31,9.357996,0.20407826
10.150001,10.22305,0.32750082
9.9,9.932797,0.27435318
9.17,9.602021,0.255571
8.870001,9.204607,0.25249797
10.320001,10.18354,0.28241873
10.0,9.85356,0.25381738
9.8,9.920509,0.29092422
10.0,9.741349,0.24560307
9.33,9.728219,0.29556772
9.84,9.8981285,0.24722505
9.25,9.506919,0.23221171
9.650001,9.842469,0.27521056
9.85,9.708667,0.2645955
9.21,9.033998,0.2650675
9.450001,9.576108,0.25406888
9.33,9.409056,0.22962137
9.610001,10.070694,0.25820005
9.43,9.901567,0.26727614
9.86,9.960222,0.26872933
9.240001,9.217548,0.24645829
9.910001,9.959961,0.2893129
10.25,9.98226,0.33183157
8.92,9.192359,0.25305182
7.6800003,8.203839,0.19940223
9.92,10.028143,0.27209798
10.18,10.193008,0.30412212
9.38,9.855106,0.26333833
9.86,9.414023,0.24984299
9.650001,10.0912075,0.29881513
9.35,9.240771,0.2373607
9.8,9.657011,0.28226605
9.9,9.710424,0.26817748
8.940001,9.021102,0.24629544
9.83,9.948124,0.257222
9.92,9.859034,0.28360257
9.070001,9.322547,0.2505959
9.09,9.566882,0.25151443
9.450001,9.410283,0.2410375
9.85,9.920933,0.29467678
9.75,10.108286,0.27676225
10.190001,10.095047,0.27179912
9.58,9.980417,0.27270296
9.9800005,10.049145,0.31128755
10.16,10.231688,0.28117207
9.94,9.989504,0.28399974
9.070001,9.568109,0.27094272
9.240001,8.614693,0.24552454
9.67,10.248475,0.30783498
8.14,8.492417,0.23202686
9.37,9.390747,0.25981277
9.51,9.645415,0.25416145
10.360001,10.230763,0.2726625
10.0,10.009055,0.29335874
9.46,9.087267,0.21730585
9.7699995,9.847564,0.25818434
9.690001,9.679634,0.26189554
9.46,9.882789,0.27287912
8.940001,8.752309,0.21993004
9.610001,9.3772,0.24461314
10.360001,9.970335,0.29546115
9.38,10.002873,0.29121777
9.910001,10.0619955,0.26283464
9.52,9.307454,0.22648638
9.35,9.599459,0.25414667
10.1,10.335926,0.2893583
9.99,9.739595,0.29333964
9.42,9.928628,0.2599587
8.650001,9.176983,0.22093482
10.02,10.139293,0.29104745
9.3,9.443339,0.26098934
9.87,9.92682,0.33413425
9.910001,9.970391,0.2653928
10.309999,10.209187,0.26710895
9.88,10.1737385,0.30803746
7.55,8.000226,0.20865634
9.4,9.401253,0.25717032
9.36,9.624724,0.29436415
9.26,9.426778,0.245437
10.22,10.230496,0.325188
9.85,9.854565,0.28625995
8.47,8.046246,0.195378
9.84,9.693208,0.26275697
9.89,9.665733,0.2931968
8.95,8.867622,0.22297896
9.83,9.799284,0.28307733
9.440001,9.545522,0.25719386
9.66,9.879753,0.2819195
9.59,9.624051,0.23310855
9.49,9.037618,0.23066469
9.99,10.100515,0.3004032
9.71,10.0273285,0.28398132
9.8,10.21629,0.25670677
9.64,9.933117,0.30310476
9.31,9.453825,0.25308323
9.79,9.944374,0.2880326
9.49,9.993569,0.29014868
9.33,9.564051,0.28147808
10.13,10.028175,0.2519086
8.9800005,9.177318,0.22466865
9.35,9.715804,0.2845277
10.4,9.6923485,0.25390613
9.18,9.6636305,0.24956441
10.3,10.362192,0.33926174
9.35,9.580635,0.29722515
9.3,9.993803,0.3199669
9.650001,9.793325,0.28156647
9.8,9.550351,0.27823856
9.8,9.863936,0.26773146
9.79,9.767915,0.29810652
9.040001,8.839479,0.23594064
9.9800005,10.136286,0.31254193
9.22,9.506353,0.24743809
9.39,9.325517,0.26844713
8.9,9.133841,0.2443677
10.04,10.04828,0.28552315
9.64,9.537362,0.28896394
10.34,10.164963,0.32509288
9.97,10.120868,0.2675048
8.9800005,9.216974,0.26489288
9.4800005,9.335511,0.23968741
10.26,10.161104,0.29773116
9.99,10.057702,0.28875607
10.34,10.22661,0.28959036
9.599999,9.947346,0.30400875
9.76,9.361835,0.24029382
9.820001,9.881545,0.3113734
10.04,10.097817,0.32307845
10.12,10.097058,0.30535853
9.63,9.622229,0.26210383
7.57,7.5894675,0.3209802
10.0,10.0894375,0.26127285
9.2699995,9.256624,0.21887264
9.070001,9.303405,0.27188942
9.58,9.855712,0.24980365
8.97,9.467616,0.21394709
7.6000004,8.303986,0.25147352
9.87,9.925083,0.27950633
9.21,9.189801,0.23220101
10.22,10.223204,0.3179051
9.820001,9.820909,0.26822227
9.87,10.001857,0.28932846
9.950001,9.838943,0.29431814
7.89,9.425078,0.26780358
9.74,10.275811,0.30444974
10.02,10.00268,0.26436093
9.950001,10.120692,0.27302533
9.599999,9.417285,0.2404992
9.4800005,9.7135935,0.27050963
8.570001,8.9541025,0.23562303
9.7,9.53414,0.26071423
9.83,9.640775,0.3012903
9.7,9.863228,0.294957
9.87,9.973714,0.30343476
9.83,9.946901,0.2889347
8.96,9.363013,0.2689902
8.68,9.15813,0.2648084
9.96,9.847481,0.29469743
9.03,9.515888,0.2460207
9.87,10.061923,0.2886777
9.76,9.575037,0.28143325
9.71,9.7960205,0.2706323
9.94,9.765397,0.3257174
9.9,10.141198,0.29632992
9.5,9.727475,0.24978653
9.57,9.893457,0.27126753
9.58,9.122671,0.24601454
9.2699995,9.251476,0.25737888
9.75,9.850704,0.30118924
8.84,9.258021,0.23908345
9.070001,9.215182,0.25072768
9.49,9.536051,0.25512782
9.64,9.982291,0.30219316
9.73,9.505715,0.23131515
9.25,9.441862,0.24886714
9.099999,9.355484,0.2137054
9.64,9.689281,0.28888902
9.76,9.8140745,0.29633084
9.469999,9.737146,0.26488498
9.910001,9.950807,0.2790584
9.8,9.923505,0.27179787
10.05,9.770859,0.2968007
9.76,9.987282,0.24398442
9.29,9.41668,0.24097072
8.89,9.422742,0.2615047
10.150001,10.145168,0.29875848
9.71,9.197373,0.22831868
9.23,9.717186,0.23773701
9.21,9.201448,0.24500026
9.690001,9.81027,0.24332286
9.73,9.988687,0.31145164
9.7699995,9.852877,0.28746703
9.14,9.644098,0.27871844
9.599999,9.957393,0.31927615
9.73,9.85311,0.3268923
9.34,9.329115,0.25664216
10.1,10.133137,0.27759027
9.37,9.641531,0.25711823
9.410001,9.635014,0.2866239
9.9,10.060269,0.2619435
9.81,9.979589,0.2742549
9.38,9.329005,0.26736957
10.33,10.089604,0.28534013
9.910001,9.722142,0.27889296
9.87,9.7762,0.31546363
9.3,9.470454,0.25534257
10.25,10.140342,0.23138791
9.469999,9.226189,0.25805297
9.040001,9.332535,0.2607252
9.51,9.711063,0.22002159
9.93,10.018859,0.30124643
9.7,10.073638,0.30156282
10.1,9.96553,0.26901498
9.31,9.425489,0.26309946
9.780001,9.491286,0.24151476
10.309999,10.297389,0.2968549
9.94,10.246815,0.32428542
8.21,8.564675,0.21427259
10.02,9.958561,0.27387005
9.780001,9.970712,0.2975627
9.3,9.394292,0.2362779
9.37,9.631487,0.27636883
9.610001,9.727202,0.26947963
9.4800005,9.623774,0.2600284
10.2699995,10.327778,0.3239297
9.64,9.767076,0.29415137
10.03,9.9942665,0.28601858
10.04,9.989658,0.2886205
9.450001,9.713712,0.23815647
8.67,9.03434,0.23389632
8.93,9.262897,0.26865306
9.450001,9.520992,0.22652817
9.110001,9.329237,0.24268584
9.410001,9.587945,0.2406163
10.05,10.081395,0.2805832
9.05,8.88118,0.22165836
9.53,9.585328,0.24780071
9.2699995,9.641159,0.27747625
9.62,9.523093,0.23456568
9.43,9.479648,0.2640748
9.49,9.650313,0.26931277
9.240001,9.397643,0.24712653
9.43,9.58035,0.23498775
9.150001,8.713021,0.2545906
8.9800005,8.785581,0.20153704
9.150001,9.578122,0.26479635
9.650001,9.297864,0.25484598
9.17,9.179615,0.25618517
9.02,9.261488,0.24212861
10.06,10.406246,0.32350662
9.9800005,9.977763,0.27522376
9.8,9.631202,0.27805895
10.190001,10.236951,0.32424223
9.81,9.853622,0.28842878
9.58,9.710705,0.29839545
9.55,9.779306,0.28506294
9.610001,9.771169,0.26636568
9.94,9.777501,0.26620078
10.21,10.284355,0.2554738
9.35,9.456072,0.26050046
9.66,10.023831,0.2980965
9.92,9.999154,0.27446675
9.540001,9.493023,0.26996034
9.7,9.908614,0.2620159
9.87,9.985404,0.27887702
9.690001,9.980279,0.28060132
8.49,8.815275,0.23902246
9.81,9.911566,0.31608993
8.9,9.358813,0.26069382
9.599999,9.698888,0.29773596
10.24,9.954744,0.3396921
10.03,9.793889,0.24616887
9.74,9.676122,0.2918699
9.92,9.991287,0.26862955
9.85,9.945594,0.24484138
9.88,10.032415,0.30754372
9.59,10.051055,0.2626959
7.57,8.152543,0.18500654
9.49,9.33024,0.23573086
9.89,10.017118,0.3107904
9.099999,9.052434,0.21346478
9.540001,9.894078,0.2717845
8.93,8.931771,0.25577772
9.51,9.369561,0.2535194
10.02,9.818604,0.2545885
9.46,9.551016,0.30116677
9.29,9.451639,0.3096694
9.17,9.610154,0.25793046
9.4,9.642301,0.255554
9.4,9.789998,0.3009259
8.81,9.164485,0.23330373
10.1,10.015681,0.28673682
8.910001,9.400906,0.24059145
9.88,9.901372,0.25499475
8.97,8.837515,0.25664243
9.75,10.023748,0.29591867
10.110001,10.170993,0.30331495
10.12,10.327503,0.33161107
9.46,9.74196,0.24227193
9.76,10.080063,0.29055318
9.5,9.732767,0.24834938
10.110001,10.383623,0.32271603
9.280001,9.262496,0.23292662
9.650001,9.996213,0.31242388
9.36,9.341548,0.23143132
9.84,10.072216,0.27183643
9.4800005,9.910005,0.29270718
10.080001,9.829609,0.29029018
9.540001,9.821762,0.27214333
10.0,9.953864,0.28140408
10.24,10.197438,0.29105005
10.17,10.143615,0.30418825
9.690001,9.69759,0.31089392
9.190001,9.412686,0.23552048
9.9,9.847289,0.24280578
9.42,9.608559,0.2554373
9.25,9.57722,0.24218075
9.52,9.618344,0.24870884
9.36,9.576498,0.24480565
9.38,9.450167,0.27070767
9.57,9.699303,0.2780819
9.85,9.595287,0.2716698
9.17,9.650497,0.2887497
9.690001,9.4161625,0.21987052
9.59,9.613449,0.24774335
9.0,9.194239,0.2418004
10.02,10.198111,0.31390157
8.96,9.293668,0.23466331
9.96,9.791706,0.30239505
9.610001,9.476092,0.22378834
9.62,9.948605,0.30756587
9.52,9.267369,0.24426821
9.74,9.899124,0.3104863
9.35,9.639569,0.23897663
9.62,9.715328,0.26283234
9.39,9.524436,0.2526673
10.13,10.018477,0.30933854
9.540001,9.756856,0.28673542
9.88,10.050803,0.30065545
9.820001,9.748923,0.274266
9.650001,9.382434,0.25097674
9.93,9.7463,0.2902007
10.05,10.127473,0.27978572
8.53,8.554226,0.2061116
9.79,9.956383,0.2855478
10.2300005,10.279681,0.32811922
9.469999,9.52497,0.28482494
9.56,9.38417,0.25065607
10.13,10.20956,0.3070354
9.66,9.877634,0.2780427
9.74,10.126683,0.27860343
10.1,9.657246,0.25260186
9.14,9.254639,0.2244242
8.81,9.067435,0.24424294
10.17,10.253726,0.32960793
9.89,10.070278,0.30487972
9.13,9.248392,0.21053556
9.690001,9.745304,0.25650266
9.440001,9.641474,0.26359442
9.8,10.127295,0.31132698
9.62,9.643656,0.2716074
10.18,9.91725,0.28004184
9.63,9.776861,0.253819
10.0,10.04585,0.2654668
9.89,9.598064,0.23395845
9.68,9.727682,0.2618228
9.59,9.851983,0.28390694
10.110001,10.105964,0.30618075
9.88,9.91893,0.32045186
9.31,9.506948,0.2687207
9.73,9.93979,0.28865185
7.1,7.6261616,0.2070565
9.12,9.578374,0.25450313
8.31,8.764218,0.2331864
7.62,8.154667,0.22293448
8.66,9.0064335,0.22391205
9.040001,9.140168,0.23464154
9.49,9.537254,0.23659118
9.820001,9.868475,0.27631906
9.950001,10.05506,0.32160488
9.58,9.833444,0.318749
10.139999,10.055098,0.26907396
10.1,10.190127,0.32075495
9.110001,9.361458,0.28058925
9.2,9.399863,0.24435203
9.75,9.6472435,0.2767858
7.62,7.417088,0.2824979
9.86,10.015592,0.24135898
10.38,10.3215685,0.29286388
9.67,9.447979,0.25662488
9.64,9.866437,0.2539705
9.66,9.685405,0.2562569
8.66,9.124928,0.25497872
9.89,9.93894,0.26568717
9.42,9.681795,0.29276502
10.51,10.13617,0.29036307
9.87,10.180129,0.31910333
10.320001,10.225233,0.2554564
9.8,9.903372,0.28340566
9.440001,9.552517,0.23764336
9.450001,9.513847,0.23250203
9.33,9.614091,0.25095293
9.7,9.638795,0.24878697
9.21,9.3320875,0.24611697
9.43,9.8592,0.2804445
8.35,8.74042,0.22892866
9.7,9.806786,0.27815643
9.4800005,9.226316,0.25346926
10.22,10.319854,0.30527648
8.070001,8.154256,0.20477931
8.92,9.141642,0.22004755
9.469999,9.686275,0.2706986
8.09,8.529326,0.22878534
9.650001,9.693266,0.29954323
9.57,9.869132,0.2595638
10.150001,10.186816,0.3343777
10.12,10.058967,0.2915854
10.150001,10.112114,0.28830627
7.78,7.984174,0.2025627
10.03,10.155215,0.3548167
7.7400002,8.550324,0.2210732
9.12,9.652411,0.23467141
9.469999,9.453555,0.24186648
9.62,9.267824,0.26345462
9.780001,9.936464,0.28962642
9.66,9.69846,0.2587753
9.690001,9.840593,0.3394649
9.81,10.072987,0.2844755
9.62,9.678095,0.2700264
9.9800005,9.948075,0.26709303
9.7,9.718715,0.22335833
10.080001,10.215863,0.2965126
9.39,9.292593,0.2436122
9.67,9.9169035,0.2734706
9.3,9.488074,0.28080308
9.5,9.7139435,0.2501468
9.88,10.008452,0.32169804
9.450001,9.472251,0.23032191
9.18,9.163934,0.26525208
9.55,9.251866,0.2466871
9.87,10.20293,0.2693382
10.080001,9.975997,0.29740843
9.99,10.009311,0.29099068
9.31,9.262658,0.23959738
9.9,9.643501,0.27050218
9.58,9.549379,0.25156802
9.03,9.260542,0.24414925
9.18,9.223373,0.24078315
9.87,9.932815,0.2969878
9.540001,9.710753,0.2703148
9.9,10.06791,0.30472896
9.38,9.430725,0.21567869
8.66,9.118082,0.24430162
9.01,9.151541,0.23835993
10.080001,10.137309,0.3181992
9.76,9.610269,0.28487012
9.46,9.873843,0.27202556
10.46,10.180478,0.29448572
8.93,9.08234,0.2721377
9.74,9.397882,0.26010305
9.22,9.321521,0.23202099
9.37,9.660121,0.25958392
9.71,9.843978,0.24786575
9.9,10.132623,0.29608694
9.79,9.517,0.25641683
9.92,10.14389,0.27293342
9.89,9.925118,0.25187975
9.89,10.06656,0.28204313
9.46,9.515659,0.26950064
9.62,9.812035,0.3077046
10.0,10.1013975,0.2829624
9.150001,9.3380165,0.25769958
8.9,9.285601,0.25472033
10.139999,10.033492,0.31367847
9.85,10.014516,0.2752877
9.83,9.791618,0.2710108
10.44,10.334351,0.33722574
9.97,9.904555,0.27323297
9.14,9.368615,0.22386384
9.35,9.432741,0.23966685
9.9800005,10.147556,0.29160535
8.83,9.196722,0.23233691
7.9599996,7.9277315,0.19646886
9.73,10.001515,0.30165723
9.610001,10.006605,0.2571526
10.39,10.513806,0.30288127
9.12,9.505065,0.2728611
10.25,10.253804,0.27342138
9.440001,9.776061,0.28228095
9.73,9.636513,0.27907437
10.0,10.221515,0.2830266
9.09,9.36908,0.2557257
9.81,9.879742,0.2719948
9.83,9.594601,0.23771927
9.93,9.98422,0.28645173
10.2300005,9.501569,0.29606643
9.58,9.531783,0.23399098
8.89,8.983861,0.22495073
9.4800005,9.370359,0.2529683
9.25,9.461644,0.25483826
9.070001,9.420067,0.25614083
9.7699995,9.545117,0.2305078
9.4,9.581246,0.24770115
9.150001,9.211692,0.23615275
9.58,9.726314,0.27674425
7.8100004,8.431837,0.21602602
9.820001,9.855455,0.26154232
9.53,9.726403,0.25477102
9.9,10.085033,0.27821657
9.780001,9.9736395,0.30490133
10.139999,9.785268,0.29337507
8.370001,8.772455,0.2170706
9.39,9.625912,0.26948905
9.110001,9.252637,0.22210586
8.66,8.468458,0.21902154
9.63,9.892471,0.28093216
9.72,9.834757,0.2648576
9.610001,9.769314,0.31960908
9.25,9.523752,0.25784522
10.04,10.08255,0.30129924
9.650001,9.682684,0.24990098
8.500001,8.837594,0.22406729
9.320001,9.371072,0.2595721
9.9800005,10.17387,0.29122815
9.37,9.442209,0.26393622
9.7,10.161535,0.2989214
9.9800005,10.196458,0.29584664
9.94,9.754001,0.2899878
8.400001,8.87876,0.24160564
10.03,10.113171,0.30482244
9.820001,9.970512,0.26233572
9.71,9.663001,0.281166
10.01,10.129442,0.29765192
9.21,9.465922,0.24066089
9.13,9.377465,0.26160535
9.450001,9.718115,0.2750139
9.9,9.663987,0.22257508
9.12,9.323505,0.25947556
9.89,9.727377,0.27909553
8.86,9.4492655,0.26598945
9.53,9.71438,0.2785381
9.110001,9.036183,0.20435166
9.62,9.752129,0.23859426
9.9,9.548757,0.25169846
10.05,10.079588,0.2962362
9.05,9.493503,0.23344839
10.190001,9.937543,0.2642712
9.79,9.989389,0.28485247
10.09,10.236714,0.351159
9.320001,8.843817,0.22112817
8.71,8.470762,0.19940935
9.650001,9.728048,0.2710713
10.3,10.305218,0.32539645
9.83,10.067985,0.24851693
9.650001,9.583487,0.30005294
10.13,10.438648,0.31164688
9.150001,9.249998,0.23896132
9.39,9.371005,0.2754794
9.49,9.816595,0.2680355
9.93,10.122132,0.33206898
8.46,8.912648,0.21347927
9.410001,8.596676,0.22004949
9.190001,9.347989,0.2358254
9.37,9.569293,0.26680186
10.33,10.091601,0.2823077
9.92,10.235731,0.30451977
9.87,9.280465,0.26617947
10.1,10.077623,0.31592244
9.12,9.322508,0.22550932
10.2,10.356732,0.2917558
9.53,9.267488,0.28118017
9.52,9.895532,0.3101688
8.240001,8.423217,0.24534377
10.03,9.922495,0.3168832
8.500001,8.176076,0.19379126
9.14,9.282064,0.3007261
9.87,9.995278,0.30476692
9.18,9.2088375,0.26109764
8.93,9.055921,0.23624592
9.52,9.784866,0.23765247
9.68,9.513874,0.24305141
9.58,10.051798,0.3208957
9.21,9.552742,0.27176452
9.820001,9.837379,0.2639824
10.2699995,10.328486,0.32536045
9.37,9.578673,0.22310972
9.58,9.742168,0.2610839
9.34,9.962598,0.29279807
8.88,8.974677,0.21981312
9.35,9.37867,0.2661525
10.04,9.961309,0.28135148
8.92,9.089073,0.23004933
9.34,9.487077,0.26172006
9.5,9.780692,0.23099442
9.59,9.976844,0.2868941
10.1,10.059251,0.27545768
9.49,9.666823,0.2504187
10.21,9.759836,0.25479722
9.86,9.2092495,0.19962533
10.080001,9.830575,0.26956362
9.03,9.385398,0.25229752
10.07,9.947775,0.2879874
9.89,10.157806,0.32811615
9.42,9.670228,0.26097068
9.49,9.502149,0.22791629
9.690001,9.317724,0.22639804
10.24,10.32229,0.30386367
10.04,9.861114,0.30245405
10.02,9.987638,0.31210122
10.12,9.618859,0.27699414
9.73,9.681519,0.23859368
9.7,9.926376,0.25047272
8.9,9.0659075,0.24483897
9.55,9.712338,0.2669187
8.429999,7.8584256,0.19778053
9.58,10.065427,0.23819594
10.16,10.031404,0.3101636
8.910001,9.573889,0.24300186
9.49,9.954219,0.2687138
8.54,7.964503,0.24315251
9.43,9.716009,0.25792474
9.39,9.379812,0.25553998
9.99,10.126498,0.32697022
9.31,9.498858,0.22905031
9.42,9.465763,0.26098457
9.36,9.529771,0.25699472
9.57,9.470036,0.26234776
9.35,9.399115,0.23719944
9.17,9.385876,0.2521906
9.85,9.851858,0.25699356
10.26,10.121367,0.29301214
9.87,9.89249,0.26702046
9.2,9.579287,0.26868448
9.820001,10.000852,0.21868451
9.9,9.856379,0.27936178
9.46,9.720146,0.25858924
10.54,10.281021,0.33237213
8.89,9.180097,0.248524
8.72,9.113544,0.24856336
7.08,7.7205033,0.20410311
8.27,8.327518,0.19560947
9.540001,9.80745,0.27862945
9.53,8.252499,0.2678829
9.73,9.802489,0.29744202
9.2,9.55461,0.25853994
9.87,9.971214,0.25829414
9.89,9.970755,0.2908109
10.04,9.99844,0.3154881
9.55,9.641607,0.2436087
9.75,9.870068,0.28110397
10.139999,10.121846,0.3121864
8.59,8.435143,0.20227893
9.51,9.948158,0.3047134
9.64,9.606839,0.2528264
9.2,9.420961,0.27999407
8.8,8.40416,0.23837756
10.04,9.976169,0.29905468
9.81,10.0314865,0.30216917
9.55,9.797831,0.26682004
9.190001,9.0081835,0.22984016
9.540001,9.56909,0.22509907
9.4800005,9.840793,0.25341672
9.240001,9.6034355,0.27197278
9.55,9.829028,0.2834127
9.01,9.221632,0.2260129
9.22,9.569603,0.30066028
9.55,9.494731,0.28257382
9.21,9.498462,0.26258782
8.429999,8.849223,0.2302081
10.01,9.967042,0.27205816
10.03,10.013432,0.3165838
10.01,9.9669075,0.28278813
9.05,9.428667,0.2719227
9.64,9.8602705,0.25365898
10.02,9.919322,0.29478866
9.690001,9.998278,0.24715205
9.87,9.997319,0.28652552
9.56,9.801914,0.28093728
9.7699995,9.781284,0.29777747
10.080001,10.081092,0.26763704
8.25,8.483772,0.219693
9.96,10.254262,0.28756356
10.110001,10.239514,0.29185623
8.36,8.806347,0.22253208
9.51,9.62771,0.26936558
9.22,9.514492,0.24108037
9.21,9.291697,0.2705931
10.12,9.885134,0.2681747
8.63,9.336079,0.25196058
9.280001,9.319866,0.23256207
6.93,7.462352,0.26419127
9.950001,10.027262,0.27470198
9.81,9.886833,0.31210348
9.29,9.174727,0.27722844
8.77,9.142033,0.23794515
9.14,9.278688,0.21431148
10.07,10.132434,0.2872533
9.469999,9.263421,0.24129035
9.73,9.534345,0.2877451
8.940001,9.157422,0.26244432
9.450001,9.618807,0.28029695
10.2300005,10.032384,0.31759042
9.540001,9.603735,0.2753507
10.139999,10.293938,0.31294158
9.450001,9.689055,0.25989103
9.8,9.983718,0.27874693
9.56,8.979788,0.22910647
8.62,8.985893,0.22231136
10.47,10.349107,0.31945047
10.0,10.138905,0.2898526
9.75,9.622284,0.26193225
10.13,9.69561,0.2291609
9.53,9.698661,0.23147342
9.29,9.500672,0.24286014
9.320001,9.8403845,0.2733257
7.7300005,8.5462,0.20657906
9.64,9.840464,0.29003462
9.57,9.832036,0.29051217
9.440001,9.47812,0.24949913
9.83,9.99619,0.2730101
9.690001,9.585457,0.2722392
9.71,9.690566,0.23930062
10.01,10.057202,0.26990646
9.17,9.367397,0.26358867
10.110001,9.978573,0.26907822
9.63,9.710942,0.26710737
9.17,9.681381,0.2381723
9.62,9.734918,0.2774323
10.4,10.01973,0.30874875
9.950001,10.058703,0.27266642
10.01,10.08976,0.3284469
10.2300005,10.322882,0.31341267
10.2,10.21221,0.2666837
9.83,9.93971,0.2957824
9.17,9.391445,0.25558457
10.39,10.151786,0.31210643
10.38,10.179143,0.33478504
10.03,9.926713,0.2868608
9.57,9.467513,0.32016876
9.5,9.490281,0.27579278
8.27,9.28309,0.25592667
9.540001,9.437478,0.2647281
10.01,10.107902,0.24552773
9.93,10.215963,0.2885659
9.8,10.0038595,0.32175526
10.55,10.3692465,0.28099203
9.59,9.647613,0.2813232
10.22,9.906955,0.31625962
9.410001,9.572167,0.2713147
10.06,10.111086,0.33380947
8.59,8.933586,0.20331253
10.12,10.123643,0.299434
10.0,10.140793,0.3085791
10.490001,10.26924,0.31443742
9.09,9.544898,0.2753078
9.64,9.958131,0.28875735
9.56,9.958453,0.29809624
10.01,10.337577,0.28083578
10.02,10.001907,0.2769105
9.21,9.48003,0.26037055
10.24,9.978614,0.27621087
9.83,9.506697,0.27942166
9.53,9.607154,0.25217307
8.76,8.89181,0.2522445
9.76,9.782245,0.2657452
9.74,9.916441,0.2597937
10.24,9.987059,0.32588625
9.71,10.019843,0.29608417
8.68,8.939021,0.22604416
9.21,9.46787,0.24180168
8.54,8.960796,0.20603628
9.690001,9.356065,0.23686828
9.94,9.932081,0.23736098
9.46,9.809652,0.28278673
9.37,9.29294,0.25537157
9.64,9.837915,0.29568163
9.56,9.62254,0.23091592
9.780001,9.83935,0.26570734
10.12,10.141793,0.30973086
9.94,9.986832,0.27732807
8.6,9.157027,0.24706271
9.18,9.370039,0.25918844
9.58,10.060065,0.2969545
9.76,9.8346,0.28224042
9.56,9.508552,0.30477425
9.59,9.750747,0.28176174
9.53,9.500289,0.25801787
9.06,8.844812,0.24439429
9.73,9.959446,0.263403
8.570001,9.228083,0.2473919
10.25,10.190562,0.3499767
10.4,10.1002655,0.3118875
9.96,9.660461,0.32111782
9.72,10.072747,0.2841083
9.9,9.696457,0.2698485
9.89,9.99299,0.25652352
9.74,9.906234,0.2348278
10.110001,9.853693,0.29285455
8.83,8.663607,0.22067535
9.3,9.3376465,0.23330785
9.59,9.820394,0.23906149
8.59,8.930758,0.24071845
8.97,9.247406,0.22020888
9.73,9.74976,0.26409802
9.76,10.096895,0.27550104
8.84,9.401162,0.25374246
9.7699995,9.847596,0.28156415
10.0,9.362453,0.2718297
9.76,9.609473,0.26797077
9.910001,9.970155,0.28149092
8.47,7.645822,0.26112348
9.37,9.6926775,0.26936063
9.4800005,9.712008,0.29813644
8.740001,9.315063,0.22780539
10.38,10.267585,0.3172535
9.35,9.73896,0.2715981
9.56,9.620261,0.24341568
7.92,8.539187,0.23438433
9.76,9.826515,0.2663732
10.01,10.003061,0.2904997
9.63,9.767127,0.28206834
9.49,9.606728,0.28096148
9.610001,9.324163,0.24799219
10.1,9.976964,0.29694903
9.3,9.571087,0.27940106
9.38,9.496089,0.2732609
10.2699995,10.192159,0.27464327
10.1,10.242202,0.28737703
10.2,10.159707,0.3012995
7.9000006,8.123036,0.18292452
7.9599996,8.667847,0.24555072
9.410001,9.888052,0.26542762
8.97,9.434267,0.2931233
9.37,9.4914875,0.23213898
9.110001,9.487656,0.26316595
9.67,9.337597,0.25922439
10.35,10.233012,0.2876138
9.56,9.814386,0.30481064
9.410001,9.633923,0.25569212
10.22,10.155552,0.31147614
8.8,8.598005,0.21869874
9.39,9.439708,0.24880786
9.76,9.832149,0.24661084
9.469999,9.946563,0.2800045
9.87,10.007863,0.31003264
10.03,10.149418,0.3322869
9.89,9.864526,0.28074017
10.2,10.501903,0.29800537
9.469999,9.431088,0.26526523
10.01,9.954875,0.2751252
9.31,9.241971,0.22638427
9.690001,9.517572,0.23076335
10.05,9.794056,0.29257667
9.49,9.431305,0.24228512
9.79,9.984532,0.31567875
8.7,9.053508,0.23830914
9.12,9.034532,0.25219083
9.09,9.196722,0.22718166
8.650001,9.4544325,0.23523068
9.81,9.814517,0.26911786
9.7,9.51642,0.24035782
10.25,10.218208,0.32253134
9.690001,9.547209,0.24389392
8.64,8.849957,0.25288862
9.87,10.013395,0.28095236
9.43,9.508579,0.20588395
10.26,10.231308,0.3192759
9.39,9.839655,0.28066126
8.97,9.054724,0.22818309
9.2,9.199685,0.23432763
9.79,9.971872,0.26238
9.599999,9.94048,0.2858448
9.05,9.492779,0.23981695
9.25,9.499826,0.23375188
9.29,9.671409,0.28130844
9.51,9.669265,0.24636567
10.07,10.2101145,0.29110935
9.85,9.894112,0.23949127
9.81,9.957404,0.27842927
9.4,9.485143,0.2569925
10.18,10.096117,0.3078681
9.7,9.680514,0.3133676
10.139999,10.06,0.261642
9.97,10.12094,0.27860522
9.73,9.795623,0.2821084
9.94,10.125006,0.30502373
8.96,9.327388,0.27105793
9.73,9.845928,0.25932428
9.79,9.429741,0.20721911
10.34,10.176004,0.29971278
9.7699995,9.676023,0.24353263
8.29,8.980777,0.22625683
9.2699995,9.435463,0.23598094
9.650001,9.837544,0.28644496
10.1,10.205607,0.33179745
8.14,8.7119055,0.23155998
10.080001,9.756069,0.28731844
8.62,9.165375,0.24306451
9.68,9.85217,0.28790167
10.07,10.100182,0.30578008
10.38,10.417611,0.31559172
9.18,9.234765,0.22060268
9.64,9.607663,0.23374298
9.09,9.175353,0.23346978
9.72,9.911857,0.26702362
10.17,10.216429,0.34436864
10.12,10.174344,0.28022644
10.35,10.287077,0.3170227
10.09,10.001699,0.2987499
9.59,9.673469,0.2575161
10.139999,10.164059,0.2485742
9.75,9.724119,0.30452287
9.81,10.175752,0.2733236
9.85,9.821171,0.30469078
9.71,9.270952,0.26017374
9.86,9.85364,0.2660195
9.75,9.357179,0.27901092
9.99,9.6951275,0.2587188
10.44,10.526645,0.319955
9.7699995,9.956135,0.29025656
9.83,10.132649,0.2736742
9.690001,9.673014,0.30119738
10.190001,10.172898,0.25651494
9.53,9.819739,0.24156818
9.84,9.873032,0.26074064
9.71,9.926761,0.25283456
9.63,9.963367,0.29900482
9.75,9.97699,0.31780908
9.35,9.619472,0.24157405
9.89,9.839347,0.2777181
8.200001,8.674954,0.20550114
10.13,10.262325,0.30575535
9.450001,9.784712,0.27103424
10.09,10.089596,0.28465462
10.05,10.095357,0.26921088
9.93,9.9583435,0.29148525
9.25,8.657153,0.254024
8.46,8.847529,0.25760028
9.84,9.90488,0.29122922
10.01,10.188335,0.3042885
9.2,9.457191,0.24610494
9.780001,9.928112,0.27447182
9.72,9.85085,0.31240976
9.34,9.604013,0.22931258
9.31,9.681854,0.25584888
9.56,9.49731,0.2621496
9.13,8.392322,0.22548246
9.450001,9.710955,0.30962145
9.68,9.752812,0.2630662
9.05,8.856518,0.25173897
8.41,8.194003,0.20368353
10.3,10.16598,0.29211617
10.4,10.203928,0.29953176
9.13,9.430496,0.26745564
9.57,9.5250025,0.28015867
9.040001,9.396073,0.2656367
9.2699995,9.503676,0.24855424
9.42,9.512691,0.2517333
10.09,10.243161,0.3046361
9.59,9.725059,0.28400695
10.35,9.994079,0.2792804
9.49,9.73847,0.27872035
9.63,9.644407,0.27502298
9.18,9.584543,0.23244672
9.610001,10.021236,0.28561252
9.8,9.92895,0.30129746
9.040001,9.000731,0.26145697
8.68,9.247833,0.2441526
9.79,9.929688,0.30159402
9.64,9.896257,0.31225148
8.79,9.200777,0.24841873
9.52,9.538167,0.24828479
9.89,9.91119,0.27826172
10.29,9.894799,0.2986554
9.92,10.054238,0.2898006
9.83,9.910093,0.2904609
9.75,9.711735,0.25819045
9.71,9.434903,0.25567207
8.63,8.494948,0.20252216
9.92,10.040281,0.31065843
9.87,10.102,0.30549106
9.86,10.08319,0.26492876
8.940001,9.441452,0.24012385
9.14,9.297798,0.2311226
9.93,10.029755,0.26858905
9.29,9.530742,0.25942227
9.88,10.030153,0.31677693
9.7,9.98132,0.25789246
9.39,9.574357,0.26870674
9.64,9.759027,0.2865713
9.94,10.081702,0.31242377
9.62,9.877048,0.25845838
8.84,9.237917,0.24329513
9.97,10.23386,0.31580362
8.059999,8.174459,0.23188122
9.64,9.799384,0.26404822
9.7699995,10.006146,0.28375638
9.92,10.085565,0.31417504
10.05,9.304201,0.25379723
9.910001,10.31867,0.3168851
9.469999,9.555336,0.30185306
9.410001,9.49423,0.26717305
10.02,10.181552,0.27337632
10.37,9.31345,0.27103892
9.86,10.232718,0.25847477
9.8,7.943946,0.19131999
9.84,9.9783325,0.28914988
9.73,9.446994,0.21747251
10.309999,10.160337,0.28145593
9.56,9.637125,0.25484672
9.64,9.910838,0.30267525
9.22,9.619847,0.27120143
9.74,9.932638,0.29920867
9.93,10.078264,0.31468803
9.4800005,9.683312,0.30629978
9.8,10.084162,0.31061843
10.320001,10.0247755,0.29173094
9.72,9.842239,0.26752034
9.37,9.448451,0.25081027
9.33,9.279651,0.21877024
10.05,10.091242,0.3195081
9.76,9.757949,0.25877696
9.59,9.65578,0.23182039
9.7699995,9.766149,0.3032294
10.2699995,10.345997,0.34570357
9.820001,9.420256,0.28146845
9.46,9.45429,0.24514553
9.540001,9.451073,0.24173893
9.99,10.153452,0.30848795
9.950001,9.777553,0.2732948
9.910001,9.882717,0.2712959
9.84,9.920325,0.29982236
10.18,10.3439665,0.3099655
9.76,9.805659,0.28087488
7.82,8.656451,0.19311655
9.540001,9.680143,0.26823005
9.650001,9.818036,0.2689047
9.7,10.014963,0.27537552
9.3,9.550788,0.26226336
9.8,10.094743,0.25598434
9.16,7.8522863,0.23594674
9.650001,9.631862,0.2540106
9.21,9.8012295,0.2486581
9.780001,9.787066,0.23426375
9.92,10.176102,0.28058735
10.080001,10.154626,0.2868044
9.94,10.10767,0.30191398
9.42,9.142009,0.24937662
9.42,9.311222,0.2590605
9.76,10.079327,0.2710287
9.070001,8.964373,0.2356672
10.12,10.035257,0.30263138
9.22,8.948116,0.23845847
9.910001,10.160714,0.2755668
9.240001,9.484942,0.25875422
10.17,10.249953,0.3215552
10.34,10.404846,0.3255792
10.02,10.0243025,0.27317327
9.79,9.878433,0.25980863
9.5,9.649828,0.27828264
10.04,9.94086,0.30749846
10.37,10.1844425,0.33290088
9.39,9.759483,0.26430386
9.93,9.823208,0.27815086
8.650001,8.763473,0.21816328
9.7699995,9.786566,0.29394057
9.58,9.798794,0.26922306
9.72,9.8867,0.32279772
9.599999,9.526706,0.26081598
9.9800005,10.077986,0.2991682
9.2699995,9.605777,0.2442929
9.76,9.5026045,0.27283442
9.540001,9.661752,0.2552616
9.55,9.89453,0.2861579
9.55,9.682555,0.26518056
8.88,9.406603,0.26802075
9.17,9.372469,0.25017998
10.4,10.395729,0.34310934
8.910001,9.317428,0.2664489
9.85,9.928514,0.28438944
9.97,9.987079,0.28331846
9.72,9.795659,0.3052721
9.71,10.0796995,0.2710463
9.31,9.853079,0.28758106
10.18,9.55653,0.26000994
9.03,8.7667,0.22310036
8.85,9.424444,0.2647444
9.9800005,9.931363,0.28382042
9.36,9.382379,0.25589445
10.17,10.028895,0.31381598
9.9800005,10.095778,0.2987153
9.14,9.891015,0.27585867
8.39,9.00394,0.2212893
8.67,8.972121,0.22532722
8.45,8.728012,0.24652755
9.64,9.566756,0.249371
9.62,9.68923,0.2642238
9.96,9.958816,0.29324916
9.75,9.51974,0.26593438
9.320001,9.469302,0.25208682
9.9800005,10.188419,0.30665684
9.2,9.04145,0.20712638
9.84,9.983853,0.30709237
9.22,9.767904,0.29049546
9.320001,9.879239,0.2818162
9.68,9.682269,0.29157856
9.5,9.374691,0.25460672
10.16,9.955674,0.28966543
9.94,9.981491,0.257527
9.57,10.000213,0.2858406
9.74,9.845599,0.23593313
9.79,9.697798,0.26147318
10.05,10.263404,0.2859452
10.190001,10.175507,0.2763629
8.97,9.577764,0.2617421
9.55,10.080678,0.33894208
8.9800005,9.313029,0.24974342
8.92,9.204602,0.23864576
10.12,10.163926,0.29457915
10.280001,9.965032,0.30470192
9.5,9.883899,0.2973106
8.93,9.200116,0.27330846
9.79,10.02628,0.29338595
9.39,9.426248,0.2862969
9.46,9.275,0.26663512
10.1,10.18878,0.27673823
9.46,9.679509,0.25189713
9.4,9.6703825,0.2704236
9.56,9.471256,0.23833907
9.53,9.561818,0.27812466
7.75,8.097084,0.19947946
9.75,10.05461,0.28821632
9.42,9.670191,0.2494785
9.9,9.962115,0.26828718
9.8,10.061053,0.26050618
10.38,10.247909,0.3143732
9.51,9.529927,0.27241775
9.36,9.535038,0.2701321
9.67,9.609736,0.2671366
9.780001,10.007434,0.2622178
9.67,9.825403,0.272825
8.09,8.920004,0.2403387
9.610001,9.843833,0.24171576
9.3,9.452493,0.26666424
9.280001,9.587705,0.25625145
9.97,9.726681,0.26685214
8.85,8.939345,0.2281296
7.85,8.563528,0.20226155
8.04,8.594212,0.2003236
9.36,9.37735,0.2347235
10.2300005,10.211337,0.28550947
9.49,9.585595,0.25483873
9.58,9.680032,0.26456136
9.37,9.611078,0.31768796
9.85,10.191906,0.3342966
10.41,10.266562,0.2736403
9.56,9.730619,0.32462654
8.940001,9.047809,0.24948247
9.26,9.482324,0.2389916
9.31,9.613274,0.24761836
9.49,9.833777,0.29071307
9.8,10.069811,0.31649718
9.2699995,9.502754,0.25157657
10.33,10.398963,0.3186267
9.46,9.647712,0.25526893
8.77,9.2219515,0.28919286
9.83,9.973878,0.3251906
9.150001,8.681721,0.19963418
9.8,9.755268,0.2832916
10.22,10.22783,0.26467657
9.37,9.759193,0.26720837
9.35,9.434536,0.23279727
10.2699995,10.165645,0.29874274
9.29,9.374552,0.25649175
9.450001,9.588518,0.25716957
9.820001,10.003503,0.32186332
9.690001,9.916256,0.25357535
9.690001,9.810355,0.3060689
10.13,10.214722,0.32173648
9.62,9.738376,0.2792089
9.59,9.493832,0.23605306
9.75,10.043854,0.30924472
8.19,8.43679,0.18092619
10.620001,10.199308,0.3295139
9.67,8.925339,0.2621075
9.96,10.409093,0.29420424
9.68,9.814275,0.25515515
9.86,9.996513,0.29899362
9.99,10.121698,0.30004045
9.89,9.763527,0.26703116
9.18,9.192618,0.2009234
10.05,10.111068,0.2848601
10.29,10.191496,0.26789567
9.110001,9.317648,0.24151808
9.950001,9.422967,0.26633912
7.04,7.750684,0.2087664
9.87,9.939285,0.2750721
9.17,9.331428,0.24103004
8.400001,8.488647,0.22485128
9.93,9.802591,0.26460144
9.66,9.297906,0.23258665
9.71,9.972725,0.2601161
9.410001,9.277683,0.24156453
10.09,10.056476,0.2745785
10.02,9.740179,0.26236287
7.51,7.88978,0.20335574
9.150001,9.944749,0.2939084
9.25,9.305456,0.21267636
7.85,7.913952,0.1770831
9.81,9.727697,0.2402278
9.72,9.845297,0.3052638
9.7699995,9.973636,0.2711277
9.67,9.955125,0.28167418
7.8599997,8.251987,0.16426913
10.37,10.17734,0.30306327
7.18,8.021365,0.20587996
10.309999,10.1879015,0.2955304
8.89,8.771485,0.2333614
8.85,9.600652,0.23829472
9.31,9.7002945,0.2827656
10.5,10.266685,0.3290133
9.72,9.566952,0.25109833
9.610001,9.819413,0.25358832
9.79,9.749265,0.2595275
9.92,10.103201,0.30631098
10.150001,10.14659,0.3106681
9.540001,9.630057,0.29093015
10.18,10.171986,0.32593715
8.870001,8.968843,0.24290264
9.38,9.776679,0.29573974
9.3,9.350006,0.2612049
10.35,10.087441,0.27793643
9.94,9.997801,0.2967998
9.320001,9.5025,0.23880039
9.610001,9.670912,0.27051616
10.07,10.092953,0.24274114
8.370001,8.716936,0.21618092
9.99,9.567115,0.2579325
9.320001,9.491223,0.2578335
9.87,9.808695,0.26772243
9.57,9.886291,0.2909447
9.650001,9.776931,0.287275
7.8000007,7.879806,0.17678706
10.05,10.095616,0.28892505
8.53,9.026135,0.2349253
9.950001,9.984209,0.29451695
8.39,8.727161,0.23374413
10.09,10.055827,0.28837302
9.13,9.270921,0.23911168
10.320001,10.08765,0.30136544
9.690001,9.350658,0.26006746
9.39,9.710041,0.24117808
10.56,10.339602,0.33186075
9.410001,9.034271,0.2751046
8.96,9.14935,0.21819355
10.05,9.85595,0.31396836
9.16,9.393793,0.24319662
9.12,9.445594,0.2612256
9.040001,9.076205,0.21866843
9.76,9.651659,0.24433628
10.02,10.097972,0.28871262
9.39,9.17082,0.23889066
8.83,8.5909,0.21881655
9.440001,9.560502,0.24333215
8.75,9.268415,0.24356715
10.07,10.122785,0.28974855
9.86,9.969257,0.2919941
9.540001,9.644475,0.28214777
9.440001,9.698998,0.2354803
9.97,10.250932,0.29614624
9.51,9.77244,0.26103213
9.37,9.571239,0.26968828
9.4800005,9.425899,0.2356607
9.25,9.354514,0.2338736
9.2,9.453474,0.24772784
9.150001,9.06159,0.25787607
9.93,10.060197,0.29077476
9.540001,9.323222,0.26777366
9.59,9.597656,0.25918502
9.79,10.057602,0.26664013
8.6,8.944134,0.20379533
9.780001,9.861688,0.29141274
9.450001,9.872601,0.26509494
9.76,10.04079,0.27649483
9.94,9.279492,0.2610416
9.2699995,9.223367,0.25304335
9.240001,8.619552,0.20149426
10.2699995,10.239335,0.2828382
9.63,9.492698,0.237975
8.63,8.440767,0.2070335
9.650001,9.517987,0.23795891
9.51,9.703724,0.27395356
9.08,9.242057,0.26579067
10.2300005,10.270524,0.3071198
9.29,9.524671,0.25753695
9.35,9.407342,0.24333312
8.88,9.461803,0.25124022
9.42,9.480212,0.24459033
9.440001,9.549927,0.29626167
9.49,10.029651,0.30968332
9.72,9.98058,0.27003285
10.04,9.82464,0.2665754
9.26,7.993036,0.26325235
9.950001,9.844704,0.28616646
8.940001,9.105962,0.21814282
9.52,9.735151,0.27551252
9.8,9.813339,0.2783826
9.51,9.575577,0.24970984
7.62,7.8156176,0.21361816
9.83,9.841205,0.24397106
9.25,9.505166,0.25563574
9.18,9.376477,0.24133408
10.110001,10.222714,0.28654328
9.25,8.7410345,0.21853797
10.139999,10.193344,0.33883512
9.29,9.491668,0.27870265
9.650001,9.867236,0.26067308
10.2699995,10.079313,0.26624596
9.3,9.244516,0.2393417
9.59,8.695334,0.22549565
8.740001,9.264537,0.21989624
8.780001,9.513317,0.23197863
9.37,9.58391,0.24986883
9.56,9.522988,0.29288206
8.610001,9.177187,0.23160335
10.150001,10.1914425,0.3014232
9.2,9.431502,0.27434513
9.79,9.747126,0.28894198
9.7699995,10.080073,0.2659169
8.940001,9.434561,0.2295415
9.51,9.943186,0.30318907
9.72,9.8401,0.2823442
9.66,9.437372,0.23916626
9.8,9.93611,0.24711642
9.2,8.874051,0.23019458
9.56,9.721474,0.27278492
10.16,9.951677,0.2707745
9.58,9.967993,0.29610544
9.97,10.164452,0.31774813
9.320001,9.472338,0.28086403
7.6700006,8.300854,0.21731769
9.59,9.613204,0.2555886
9.35,9.348009,0.2475481
8.96,9.290473,0.24632703
9.190001,9.24508,0.21516687
9.58,9.574268,0.25127476
9.66,9.927496,0.25144574
9.7699995,9.927353,0.29075846
9.06,9.296375,0.22471885
10.110001,10.149999,0.34409845
9.87,9.930566,0.29659384
9.73,9.379706,0.2587481
10.17,9.814006,0.28208202
7.9400005,8.319695,0.20114146
9.7,9.810482,0.2747002
8.95,9.243484,0.2420692
9.440001,9.519088,0.26804268
10.26,10.141428,0.3001375
7.92,8.462987,0.2093058
9.55,9.558764,0.26081002
10.17,10.042329,0.2971114
9.73,9.670908,0.26575032
10.24,10.248288,0.2734713
9.92,9.985044,0.28004843
9.37,9.660597,0.27293548
9.31,9.385335,0.27503127
9.73,9.886584,0.25941554
9.43,9.537148,0.27269518
10.13,10.001815,0.30262578
9.99,10.089519,0.27361527
8.9,8.781863,0.22001597
9.820001,9.641214,0.27309123
9.7,9.636432,0.26144606
9.84,9.266624,0.25041673
9.540001,9.5432825,0.2820834
8.440001,8.3129835,0.24305026
8.86,8.832283,0.24453121
8.45,8.661628,0.21073477
10.02,10.099169,0.29728857
9.08,8.948942,0.20589924
8.95,9.285681,0.24775957
9.3,9.639425,0.26013657
8.83,9.239736,0.2617919
10.22,10.123028,0.25270733
9.650001,9.792169,0.29099312
9.0,9.002542,0.23355617
9.88,9.687199,0.26975587
10.06,10.279228,0.26609015
10.4,10.36195,0.2872749
10.02,9.95339,0.26808047
8.76,8.542454,0.24007167
8.9800005,9.174001,0.23705481
9.4,9.479912,0.2619585
9.35,9.762372,0.25714967
10.01,10.079746,0.29906306
9.099999,9.2453985,0.22587311
9.59,9.527198,0.2672839
9.650001,9.714845,0.25638783
9.410001,9.520847,0.24767706
9.92,10.000724,0.29579404
9.410001,9.453323,0.23849972
9.240001,9.625215,0.25055188
8.72,9.01979,0.2166556
9.780001,9.928169,0.30309165
8.28,8.486258,0.16702172
10.190001,10.188444,0.31047657
9.450001,9.407676,0.25495526
8.8,8.814851,0.20401171
9.320001,9.587545,0.25612065
8.99,9.380998,0.26683366
10.37,10.0943985,0.25672317
9.92,9.87218,0.27969974
9.58,9.555844,0.27961066
9.38,9.479607,0.26929155
9.4800005,9.652235,0.2536428
9.650001,9.891084,0.26133484
9.12,9.238938,0.21084966
9.68,9.856094,0.2551006
9.83,10.084503,0.27097425
10.09,10.12596,0.29861683
9.05,9.303693,0.22732711
9.81,9.9995575,0.2729334
9.66,9.646134,0.25705552
9.92,9.927382,0.30986154
9.51,9.624074,0.2487048
9.59,9.654288,0.24977784
9.56,9.663509,0.30998623
7.98,8.087696,0.20008521
9.58,9.8054285,0.27678442
8.200001,8.051972,0.21429774
9.33,9.443537,0.24879296
9.84,10.016159,0.31437263
9.2,9.503361,0.23855849
9.06,9.349941,0.23282789
9.540001,9.972796,0.28041828
8.79,9.247217,0.21523504
10.07,10.0859,0.27402055
9.72,9.868781,0.2426978
9.39,9.3403225,0.31644565
9.57,9.617736,0.26623735
9.150001,9.448794,0.28648496
8.6,8.562245,0.17046627
9.4800005,9.640197,0.25802737
10.22,10.22353,0.26762253
10.35,10.095859,0.26169264
9.81,9.603945,0.24203816
9.84,9.870541,0.26392576
9.5,9.623776,0.23384406
9.4800005,9.876737,0.31296423
9.94,9.916444,0.24717993
9.76,9.924933,0.26892287
10.139999,10.019192,0.29097107
9.52,9.602868,0.2422898
9.75,9.957437,0.2917967
9.38,9.43394,0.22443675
9.35,9.497638,0.27656198
9.72,10.031132,0.2987172
9.96,9.9755,0.28438866
10.2300005,9.94406,0.25676426
9.7,9.878036,0.27495587
9.85,9.927909,0.26502252
10.1,9.845938,0.27815354
9.74,9.545215,0.2574519
8.85,8.90016,0.22785956
8.18,8.915577,0.2503952
9.35,9.244,0.23933522
9.51,10.107626,0.26483604
9.110001,9.511213,0.23667583
10.1,10.16087,0.3107789
9.68,9.612767,0.25469866
9.08,9.531406,0.25282446
10.47,10.006782,0.2976168
7.2000003,8.000436,0.26329798
9.599999,9.864593,0.3275455
9.58,9.662737,0.25321507
10.55,10.351535,0.30058336
10.06,10.131978,0.25522462
9.240001,9.996154,0.29968
10.04,10.211903,0.29199073
9.29,9.991817,0.26646483
9.42,9.930217,0.29644915
9.46,9.751616,0.29519546
9.4800005,9.6771145,0.23672718
9.34,9.425542,0.3031135
9.26,9.712795,0.26887113
9.35,9.586783,0.25256556
9.23,9.528155,0.30696404
9.780001,10.039421,0.3159366
9.92,9.814549,0.28491402
9.05,9.18334,0.27420282
9.58,9.519954,0.23464015
9.92,9.9919,0.28175673
9.76,10.012431,0.2644313
9.87,10.058782,0.2746974
9.12,9.498518,0.26572305
10.16,10.193707,0.28916377
9.43,10.123047,0.29339266
9.85,9.633496,0.25021738
9.63,9.67891,0.23957163
9.68,9.835649,0.2518691
9.650001,9.4680805,0.27871186
8.69,8.184221,0.21630576
9.49,9.74225,0.2658616
9.55,9.762776,0.26099452
9.099999,8.375015,0.24047543
9.85,10.077784,0.26802018
10.37,10.089841,0.33276278
9.3,9.16668,0.24717733
10.47,10.319747,0.29353374
9.79,10.0792885,0.32596117
9.099999,9.279514,0.24398199
10.22,10.149034,0.31599492
9.540001,9.846659,0.24046141
10.2300005,10.30677,0.26832238
9.35,9.812937,0.28592828
8.71,8.285836,0.2430934
9.4,9.511928,0.25380835
9.08,9.150384,0.23732413
10.06,10.070129,0.33718038
9.820001,9.390529,0.26909605
9.71,9.930902,0.2561262
9.450001,9.316023,0.24012886
10.1,10.296456,0.3294252
9.87,10.297704,0.33307618
9.72,10.094503,0.29667228
9.23,9.304668,0.21799913
9.320001,9.399998,0.22772689
8.83,9.374398,0.2488104
9.59,9.682505,0.2524138
9.7699995,10.067266,0.24695987
9.72,10.112125,0.3091141
9.56,9.150458,0.2138181
9.51,9.59078,0.2894621
10.080001,10.092138,0.30682537
9.92,9.768529,0.25605282
9.780001,9.692354,0.2798476
9.34,9.489408,0.23035556
9.72,9.917574,0.28056026
9.88,10.120015,0.2952082
9.92,9.9413,0.26312554
9.7699995,9.885542,0.29999313
7.6300006,8.085372,0.24172992
8.67,8.76712,0.21158779
9.37,9.556113,0.2415515
9.42,9.854099,0.2587004
7.7300005,7.9880896,0.19603823
9.099999,9.327761,0.28326368
7.4700003,8.215998,0.21003081
9.320001,9.963134,0.29369608
9.36,9.490312,0.22692397
10.360001,10.179851,0.27972847
10.1,10.045351,0.31005672
10.04,10.082097,0.25381258
9.43,9.572859,0.2507063
8.62,8.688688,0.24690233
9.9800005,10.0079975,0.2684002
9.89,10.1069975,0.2996442
9.79,9.9080305,0.2718961
10.2300005,10.303735,0.30959803
9.76,9.808186,0.275223
10.53,10.423915,0.3650777
9.099999,9.039721,0.25233924
9.29,9.5995455,0.28117326
8.73,8.085703,0.22329384
9.8,9.954868,0.27115986
9.67,9.809698,0.26520002
9.23,9.660645,0.26504663
9.450001,9.460944,0.24400127
10.080001,10.095415,0.29329845
9.37,9.372342,0.2621854
9.89,9.980589,0.30711925
9.64,9.727505,0.29225203
9.76,9.52964,0.26290494
9.540001,9.965052,0.28876033
9.7699995,9.703652,0.2692973
9.79,9.386453,0.24529865
10.04,10.194491,0.3096266
10.12,10.3897505,0.3309438
9.410001,9.434885,0.24636781
8.33,8.863764,0.22894572
10.17,10.237556,0.25996083
9.59,9.51901,0.29299352
9.650001,9.487053,0.2790349
9.8,9.89229,0.24955043
8.22,8.21286,0.20469944
7.85,8.063854,0.19691083
9.440001,9.85613,0.29742172
10.04,9.995052,0.32417482
9.820001,10.011029,0.32158425
9.85,9.893994,0.2735184
9.76,9.697115,0.25963852
10.01,10.115206,0.28899375
8.93,8.480885,0.25381893
9.650001,9.505982,0.25232425
9.820001,9.880598,0.26225385
9.450001,9.125753,0.24711907
9.05,9.402878,0.27497527
9.68,9.879603,0.29432675
8.95,9.32588,0.22634232
10.3,10.09418,0.30182967
9.22,9.395656,0.24893986
9.33,9.540578,0.26029
9.06,9.543545,0.24508412
9.59,10.120143,0.2601078
9.31,9.404061,0.29259294
9.9,9.8335705,0.27191204
9.780001,9.802996,0.29663128
9.76,9.788586,0.25561032
9.67,9.6210785,0.25989705
10.080001,10.189161,0.29776895
9.29,9.486824,0.26348796
8.92,9.336324,0.25871825
10.09,10.01072,0.26835963
9.58,9.751434,0.26384702
9.74,9.803798,0.29657796
8.83,8.935985,0.21275777
8.650001,9.020677,0.21548013
10.24,10.148006,0.30334345
9.540001,9.734016,0.2892267
9.7699995,9.784228,0.24923219
9.610001,9.468824,0.21169505
9.75,9.8177395,0.26717257
9.4,9.534596,0.26209098
8.26,7.8169622,0.24469614
9.72,9.629719,0.25622687
9.610001,9.817225,0.3429526
10.01,10.073875,0.29218072
10.110001,10.306774,0.3117791
9.85,9.957954,0.29476205
9.99,10.127135,0.30542237
9.540001,9.687359,0.24696185
8.93,9.371405,0.23317884
9.84,9.124351,0.22333558
9.03,9.298609,0.2668673
9.84,9.982294,0.22557703
9.93,9.969901,0.2872175
9.79,10.205383,0.30026004
10.080001,10.170552,0.27965876
9.94,9.967001,0.2846456
7.98,8.580514,0.21455197
9.93,9.874279,0.3023916
9.97,10.177996,0.32390478
10.1,10.035423,0.2843187
9.99,10.2325735,0.33918753
9.68,10.160149,0.25518012
9.110001,9.140552,0.28063825
9.73,10.033921,0.26235682
9.2,9.399338,0.25947577
9.59,9.6031275,0.25757715
9.74,9.798674,0.26241937
10.1,10.278686,0.31925425
9.74,9.769545,0.278961
10.450001,10.272429,0.271094
9.690001,10.153543,0.2726228
9.79,9.911989,0.3003604
9.97,10.033049,0.27750206
10.46,10.253958,0.27240303
9.97,10.291466,0.3172098
9.84,9.941457,0.28012678
9.150001,9.475001,0.2372334
9.84,10.262684,0.29118067
8.9800005,9.33186,0.24710077
9.97,10.162017,0.31794158
9.29,9.26368,0.2287538
9.49,9.796017,0.23828755
9.29,9.481399,0.26734307
9.190001,9.279012,0.24752872
9.49,9.409108,0.2624926
9.35,9.665781,0.2360969
8.910001,9.0866785,0.24058573
9.66,9.528674,0.29193375
9.17,9.510184,0.28340957
9.58,9.859461,0.25975177
8.780001,9.164257,0.28466603
7.8300004,8.080599,0.21860623
9.26,9.541239,0.26888448
9.93,9.847637,0.2825119
9.83,10.152904,0.28437966
9.97,10.161969,0.3228902
10.360001,10.137914,0.23431787
9.2,9.263756,0.25629961
10.41,10.313411,0.3073542
9.31,9.377447,0.24395353
9.9,10.066117,0.29761815
9.76,9.732931,0.27452597
10.16,9.887849,0.26868495
10.320001,10.143754,0.2520625
9.610001,9.7667055,0.29755658
9.280001,9.681933,0.24639684
10.110001,10.358512,0.29578716
9.56,9.507858,0.27291173
9.75,9.621787,0.23318687
9.74,9.726671,0.26227868
9.910001,9.959613,0.26360095
10.309999,10.2255335,0.27913976
8.08,8.507342,0.2584012
9.780001,10.022863,0.2634036
10.18,9.837256,0.25665545
8.030001,8.070444,0.21048535
10.190001,10.265009,0.2927818
10.04,10.180588,0.2850881
10.02,10.101543,0.28026602
9.950001,10.0265665,0.27368748
9.5,9.539704,0.26732138
10.0,9.745114,0.26356485
9.86,9.930159,0.25280225
9.280001,9.567415,0.22797093
10.09,9.962913,0.25377575
9.55,9.176121,0.23569697
9.93,9.796497,0.27382174
7.69,8.02686,0.2078231
9.74,9.8692665,0.24956222
10.44,9.854611,0.28538886
10.03,10.083146,0.28563815
8.870001,9.431229,0.2501282
10.04,9.974432,0.28885883
9.9,10.000469,0.2640588
9.62,9.750746,0.2647871
10.320001,10.317933,0.2853631
9.59,9.742245,0.2568534
8.71,9.174333,0.24427305
8.9,9.280601,0.23478907
9.66,9.879417,0.2376836
8.82,9.251501,0.25732854
10.03,10.152171,0.27008182
9.13,9.691145,0.28479117
9.099999,8.623418,0.23969758
9.96,9.935904,0.28308484
9.12,9.407648,0.25407466
9.73,9.697485,0.28517893
10.57,10.363223,0.30955228
9.49,9.370032,0.28187564
9.17,9.501963,0.24267913
9.84,9.834845,0.24684843
9.58,9.689422,0.25690126
9.46,9.816446,0.29022643
9.820001,9.889791,0.24200124
9.820001,9.982772,0.30573273
10.110001,10.103444,0.3087108
9.910001,9.903735,0.2922384
8.53,8.36007,0.20280501
9.73,9.737089,0.2474726
8.9,9.434067,0.26263562
9.76,9.961595,0.24958372
10.06,10.194985,0.29394898
9.320001,9.820199,0.29553947
9.950001,9.831616,0.29121545
10.03,10.008143,0.30977002
8.870001,9.152407,0.27737477
9.36,9.311208,0.26915583
9.81,10.036662,0.2800933
8.95,8.94648,0.2221753
10.21,10.051471,0.30087873
9.780001,9.944949,0.25790274
10.360001,10.288566,0.31230414
9.35,9.487946,0.2647021
9.31,9.697742,0.25481287
9.88,9.92348,0.29210025
9.690001,9.747469,0.21892323
10.24,9.819226,0.28984687
9.610001,9.620163,0.29189622
9.97,9.899019,0.26516044
9.820001,9.943604,0.28542933
10.04,10.187068,0.34099156
7.8700004,8.266725,0.22312604
9.89,10.049536,0.2733546
10.02,10.138699,0.30678368
10.25,10.055351,0.2957518
9.040001,9.324852,0.22166945
9.690001,9.881277,0.2813058
9.3,9.66265,0.24227664
9.34,8.751396,0.2519547
9.16,9.251433,0.26724777
9.610001,10.008018,0.29348403
9.5,9.540985,0.2925692
9.440001,10.10623,0.33131433
9.540001,9.566599,0.27067682
9.9,9.816901,0.31663918
8.66,8.918399,0.24232051
8.99,8.833886,0.2515614
9.74,10.147888,0.27033168
9.97,10.083878,0.32187134
10.25,10.3794365,0.28771773
9.02,9.456081,0.25149357
9.36,9.402778,0.2441413
9.93,9.968394,0.2569882
10.03,10.050777,0.2648004
9.8,9.855949,0.28531504
9.81,9.774678,0.28149074
9.18,9.269798,0.22299497
8.53,9.180684,0.23258245
9.650001,9.6761265,0.239761
9.52,9.736129,0.30045
9.63,9.593396,0.26430845
9.469999,9.636549,0.24414228
9.599999,9.737969,0.25054032
10.0,10.14011,0.2872377
9.88,9.550215,0.29344004
10.02,10.095874,0.33323744
9.690001,9.508028,0.249078
9.320001,9.621235,0.28032458
9.38,9.892093,0.26457328
9.71,9.992865,0.28033534
10.1,9.928616,0.2943145
10.360001,10.059632,0.25869814
9.63,9.621247,0.25828364
9.56,9.526353,0.24017768
9.66,10.044875,0.24579652
9.67,9.718836,0.27013022
10.02,9.778929,0.2556007
8.75,9.302019,0.23379813
9.35,9.328404,0.26206547
8.6,8.689223,0.22514403
10.13,10.238938,0.25747448
9.55,9.724681,0.30065122
9.690001,9.598769,0.27653167
9.110001,9.357668,0.24142419
9.57,9.924116,0.31509078
9.099999,9.33144,0.25572142
7.85,7.9987664,0.23182657
9.87,10.115418,0.31548712
9.650001,9.912317,0.2737811
9.92,10.010623,0.2660894
9.150001,9.112488,0.19908342
9.29,9.609104,0.22361754
9.53,9.788406,0.2347735
8.99,9.436461,0.26508656
9.67,9.758163,0.2695612
9.81,9.8722,0.2951741
10.360001,10.260194,0.31334108
9.89,9.953198,0.26854777
9.5,9.570857,0.25020647
10.13,10.031766,0.2964877
9.03,9.368545,0.25682515
9.79,9.674797,0.27124867
9.12,8.608249,0.1963211
9.51,9.538631,0.28773016
7.95,8.255999,0.18726726
9.86,9.630725,0.32994768
8.31,8.594685,0.21745577
9.070001,7.681653,0.23685423
9.63,9.546443,0.275631
10.06,10.003211,0.25016034
9.21,9.355007,0.26919857
9.22,9.155846,0.22357218
9.81,9.9894905,0.30870005
10.0,10.00887,0.2348992
9.86,9.815888,0.2975685
9.410001,9.924467,0.2898734
9.81,9.784889,0.26167837
8.86,8.60808,0.20926549
10.360001,10.141695,0.2763475
9.71,9.730487,0.24739866
9.75,10.156419,0.30091852
9.85,9.733616,0.25722522
10.21,10.124321,0.29962906
10.07,10.089618,0.2821549
9.9,9.992352,0.2588384
9.5,9.636559,0.24839458
9.03,8.547166,0.23879246
9.67,9.966279,0.30525613
9.14,9.146998,0.2314568
9.57,9.892044,0.29854953
9.72,9.89979,0.24626738
9.9800005,10.101541,0.30262083
9.38,9.868803,0.24535201
9.87,9.919042,0.27802196
9.76,9.310798,0.25134343
9.4800005,9.557239,0.26409143
10.5,10.3744335,0.34634122
9.89,10.197404,0.26890406
9.46,9.541837,0.26845115
9.950001,9.932757,0.29586402
9.96,9.914356,0.25586087
9.5,9.605858,0.24537274
9.46,9.463723,0.2971579
9.469999,9.628894,0.26865777
9.38,9.679449,0.26738802
9.690001,9.998576,0.29299846
8.04,8.357041,0.21197315
9.610001,9.729078,0.30086443
10.150001,10.073795,0.3229605
9.99,9.994558,0.3073599
9.7699995,9.819492,0.30721462
9.85,9.826725,0.3021822
9.66,9.783601,0.24233101
9.87,9.460661,0.24386747
9.73,9.755506,0.26761705
9.39,9.731089,0.26265606
9.950001,9.916345,0.27861783
8.429999,8.154057,0.18356422
10.1,10.068315,0.28306332
9.75,9.536954,0.23767078
9.469999,9.535611,0.2515898
9.690001,9.580677,0.26039994
9.58,9.634745,0.27624625
9.71,9.933442,0.316482
9.469999,9.556343,0.21747221
9.49,9.445094,0.25630763
9.450001,9.649224,0.23908736
8.15,7.999869,0.21301292
9.72,9.549737,0.21816687
9.88,9.998312,0.26337844
10.34,10.444847,0.26633614
10.1,10.063932,0.30006677
8.08,8.252229,0.22049694
9.71,9.765576,0.284585
10.22,10.221416,0.32612514
9.39,9.39222,0.25649992
9.89,10.1442995,0.309411
10.4,10.323691,0.33923146
9.83,9.850559,0.261431
8.9800005,8.4235325,0.23624969
9.42,9.565643,0.21711802
9.86,8.680281,0.23031455
9.650001,9.826939,0.2460898
9.3,9.138754,0.26878548
9.4800005,9.49321,0.25171563
9.84,9.872352,0.29212645
10.02,10.000493,0.32328507
9.280001,9.57047,0.250854
9.52,7.883906,0.25260827
9.39,9.477281,0.26883787
10.42,10.102084,0.24363253
9.780001,10.155773,0.3156459
9.780001,9.9153385,0.31748316
9.73,10.02265,0.28323102
9.22,9.133626,0.23071505
10.2300005,10.11088,0.28560087
9.21,9.305536,0.21956615
9.2,9.321669,0.24229383
10.09,10.118157,0.29368806
9.74,9.474425,0.24370271
10.02,9.9984,0.28378934
9.690001,9.26411,0.22383894
9.02,9.05545,0.23374014
9.910001,10.103649,0.2828531
9.910001,10.041897,0.28823954
9.5,9.920833,0.26841563
9.650001,9.733725,0.28742585
10.38,10.390984,0.32759857
9.43,9.734545,0.26175034
9.03,9.147743,0.24669403
9.21,9.402983,0.24148391
8.910001,9.490866,0.24317364
9.39,9.413633,0.24540645
9.599999,10.031922,0.31120124
9.85,10.062421,0.26944047
9.56,9.686902,0.29945073
8.73,9.137727,0.24891876
9.46,9.4082155,0.2523646
8.0199995,8.520438,0.26441395
9.97,10.272571,0.31230807
8.67,9.047976,0.27063414
9.55,8.662742,0.23593841
10.03,10.118764,0.2874883
9.53,9.676625,0.27037865
9.73,9.596521,0.25718266
8.4800005,8.522922,0.18909052
8.76,9.478215,0.26782265
9.94,9.702372,0.30877003
10.110001,10.101687,0.256679
9.38,9.318653,0.25278386
9.99,10.164441,0.29958728
9.46,9.527252,0.29414082
9.440001,9.639035,0.24791762
9.4800005,9.545128,0.25106126
9.73,9.850936,0.29800624
8.610001,8.895737,0.27758494
8.53,9.03684,0.23212536
10.03,10.071775,0.29718733
8.9,9.179386,0.23741192
10.09,10.206018,0.33211994
9.83,10.009669,0.28330788
9.55,9.68771,0.24773365
7.9400005,8.084866,0.23239952
9.9800005,9.878662,0.27594048
9.67,9.625877,0.28959224
9.7699995,9.6785755,0.25151613
9.440001,9.46454,0.2302012
8.27,8.909683,0.22851092
8.49,9.013817,0.23124348
10.03,9.98499,0.26327386
9.09,9.42418,0.2265034
9.79,9.870817,0.28580186
8.870001,9.308501,0.22863932
9.86,10.084837,0.3068348
9.09,9.517312,0.23686343
9.540001,9.854503,0.28115448
9.83,9.762208,0.23293063
8.940001,8.75735,0.23248143
10.04,9.988168,0.27772114
9.42,9.774983,0.28258178
9.5,9.579991,0.229356
9.55,9.178481,0.2564946
10.21,10.111021,0.30647963
10.21,9.820222,0.2487249
9.81,10.064513,0.31310117
9.820001,10.041059,0.2896454
9.83,9.729194,0.2663822
9.53,9.557076,0.25373492
10.34,10.260069,0.32519755
10.18,9.92293,0.30653945
9.88,9.888807,0.27456793
9.43,9.491995,0.25864267
9.62,9.945552,0.29390344
9.36,9.522817,0.2764248
9.910001,9.956211,0.28359157
9.73,10.034257,0.31660014
10.3,10.2015505,0.29097444
9.070001,9.175342,0.2534387
10.07,10.257689,0.31006372
9.89,9.864544,0.26792848
9.94,9.999678,0.25393003
9.910001,10.103263,0.29275844
9.56,9.557547,0.25455767
10.190001,10.187348,0.28978854
9.950001,9.999887,0.2634708
9.26,9.38521,0.26905432
7.6300006,8.663654,0.19997953
10.33,10.361985,0.30434066
9.68,9.747411,0.27018526
9.83,9.819759,0.26884696
9.68,9.780189,0.26209393
9.63,9.739279,0.29620138
9.46,9.739653,0.28260085
10.26,10.261858,0.34961873
9.7699995,9.796147,0.3001045
9.31,9.745114,0.26906675
9.43,9.734459,0.281
10.35,10.29551,0.26403302
9.4800005,9.635934,0.25877994
8.68,8.587649,0.22051807
9.280001,9.228871,0.26147065
9.280001,8.716066,0.23406154
10.04,10.126446,0.3095917
9.33,9.556036,0.29090184
9.79,9.807418,0.23053174
9.469999,9.403696,0.25996903
8.62,8.981459,0.23105308
9.8,9.940264,0.2559759
7.49,8.165745,0.20260851
9.68,9.583414,0.26808828
9.79,10.132763,0.3029225
9.42,9.642949,0.27534223
10.07,10.179168,0.30899855
9.86,9.95798,0.24749225
8.04,8.454552,0.23966439
8.72,9.107047,0.26502824
8.9800005,9.475805,0.24614543
9.650001,9.818238,0.2674049
9.86,9.7490225,0.25009674
8.72,9.21012,0.25658584
9.53,9.713423,0.28329867
9.62,9.73551,0.2835093
9.650001,9.937148,0.29452404
9.97,10.078345,0.24836452
9.84,9.677684,0.26258463
10.16,10.140551,0.32504636
9.94,9.991126,0.25512868
9.56,9.664596,0.24535201
10.04,10.040744,0.2940416
9.75,10.064813,0.28022063
9.85,9.786795,0.24565828
9.89,10.112082,0.2857238
9.7699995,9.968583,0.27793792
9.0,9.520052,0.25129095
10.1,10.261883,0.3026119
8.9,9.000859,0.2206939
8.81,9.402495,0.24167551
9.63,10.082632,0.2612264
9.240001,9.142496,0.2415477
9.68,10.068798,0.26062164
9.93,9.89154,0.25860423
10.09,9.716255,0.27309936
9.03,9.283439,0.26567212
9.690001,9.351423,0.22855264
9.040001,9.085236,0.24241008
9.79,9.612347,0.26182514
10.29,10.162776,0.3095645
9.56,9.956275,0.24051356
9.83,9.973499,0.24054915
8.6,8.786142,0.22298099
10.2300005,10.17555,0.27216253
9.440001,9.492913,0.2473383
9.02,9.212401,0.25504118
9.64,9.747629,0.27036697
10.3,10.024743,0.25249025
9.75,9.9340105,0.2737501
9.76,9.717141,0.24978289
9.690001,9.745957,0.264179
9.950001,10.03349,0.27393818
9.97,9.868375,0.2930008
9.34,9.50171,0.260883
9.43,9.64733,0.26789835
9.59,9.608323,0.25039315
9.87,9.88052,0.29243782
9.81,9.732376,0.27132496
10.2300005,10.118912,0.2959234
8.940001,9.1838455,0.24570255
10.2699995,10.196373,0.3304237
10.16,10.148243,0.30957234
10.21,10.175839,0.29469055
10.110001,10.188949,0.3209449
9.5,9.81043,0.25415558
10.37,10.146939,0.3129847
9.71,9.872567,0.287693
9.18,9.243052,0.2526899
8.6,8.902896,0.24862914
9.599999,9.46123,0.27260405
9.63,9.71177,0.30019662
9.87,9.844648,0.31572014
10.02,10.015125,0.25993353
9.23,9.144999,0.24841788
9.05,9.5083685,0.21811423
9.25,9.456166,0.2503793
10.360001,10.364543,0.3127508
9.97,10.056621,0.24950334
9.240001,9.149081,0.23502614
9.06,9.266847,0.24217753
8.77,9.153142,0.24320373
7.8700004,8.067875,0.21085861
9.110001,8.997609,0.22659005
9.650001,9.853778,0.28548175
7.9400005,8.122077,0.20385575
9.4,9.296819,0.26560715
8.69,8.855876,0.20975827
9.87,9.87867,0.2792224
9.88,9.80239,0.277737
10.39,9.936692,0.29168886
9.4,9.485776,0.26329654
8.68,9.139633,0.21653514
9.23,9.45764,0.22289835
9.469999,9.850228,0.27060077
9.58,9.796465,0.26481608
9.190001,9.364012,0.23672715
9.09,9.074758,0.23883085
9.58,9.481853,0.23141167
9.75,10.163088,0.27735412
9.67,10.234517,0.27780688
9.9,10.002413,0.29322734
9.150001,9.112658,0.21454029
9.56,9.63429,0.26801175
9.08,9.124035,0.24055205
9.39,9.455365,0.25025553
9.85,10.014583,0.26165795
9.88,9.691277,0.27653584
9.23,9.473741,0.25204745
9.96,10.187655,0.30275944
9.410001,9.233665,0.237129
8.97,8.740361,0.21309118
9.33,9.543782,0.26589024
9.89,10.063946,0.2787466
9.81,9.821664,0.2658811
9.67,9.753754,0.29436997
7.5899997,8.347673,0.22204757
9.150001,9.412014,0.25777417
9.17,9.302085,0.23687825
9.9,10.06871,0.27466404
10.16,10.173119,0.32193044
9.88,9.855619,0.26997837
9.63,9.778019,0.28537086
9.85,9.866984,0.26752374
9.76,9.524943,0.26106992
9.7699995,10.020983,0.32963997
10.360001,10.087561,0.25684914
7.3199997,8.159973,0.18201774
9.81,9.845129,0.28313527
9.4,9.672693,0.24557656
9.81,9.8726,0.30178437
9.66,9.836039,0.27462026
9.280001,9.376321,0.24842143
9.58,9.955221,0.26963162
9.22,9.545747,0.28804275
10.450001,10.335486,0.32682455
9.03,9.780537,0.2871039
9.05,9.278765,0.27457333
8.36,8.854229,0.25083646
9.650001,9.713836,0.28092661
9.71,9.803766,0.31798506
10.150001,10.004575,0.24828264
9.66,10.2835045,0.2873421
10.26,10.304361,0.27660188
10.139999,10.104266,0.28721726
9.22,9.750517,0.29055697
10.02,10.183466,0.28021553
9.64,9.728327,0.28439662
9.26,9.440764,0.2680867
10.26,10.062648,0.28363377
10.139999,10.110023,0.2848621
9.8,9.641114,0.23508343
8.64,8.459084,0.20208575
9.38,9.801368,0.24157585
9.63,9.857295,0.2537458
9.64,9.913525,0.30339903
9.64,9.555576,0.2855978
8.28,8.833567,0.22706504
9.25,9.285963,0.2271825
9.440001,9.620843,0.21570995
8.29,8.515659,0.21195774
9.31,9.522164,0.26857796
9.76,9.928472,0.2566375
7.8000007,8.306417,0.20799251
10.3,10.228626,0.28812963
9.43,9.783893,0.25322342
9.3,9.445479,0.2412664
8.84,8.944642,0.20505902
9.910001,10.298307,0.318984
9.85,9.865179,0.2670769
9.099999,9.613765,0.26693398
9.66,9.559128,0.23002975
10.07,10.048134,0.31453258
9.690001,10.000974,0.27201515
8.97,9.252656,0.2093525
9.59,9.768669,0.24299768
8.500001,8.842628,0.24229191
9.63,9.617726,0.2550553
9.02,9.334505,0.26344216
9.51,9.817358,0.24627334
9.63,9.924699,0.23661727
9.53,9.808953,0.27688482
9.3,9.278316,0.21986556
10.2300005,10.122044,0.26763394
9.99,10.124875,0.28611228
9.75,9.747842,0.25666085
9.7,9.951513,0.3236706
9.66,9.888448,0.2765677
9.74,9.873535,0.29626802
9.09,9.360494,0.253606
9.240001,9.690366,0.23749727
9.01,9.57072,0.26066327
10.320001,10.11429,0.26100472
9.81,9.931257,0.3098427
9.84,9.768987,0.25313687
9.99,9.890003,0.25930482
9.92,9.70186,0.22986308
8.610001,8.621083,0.19871123
9.34,9.662319,0.25068748
9.4800005,9.592593,0.256573
8.95,8.563859,0.20848292
9.16,9.268416,0.2622345
9.7,9.721309,0.27464968
9.240001,9.458284,0.23353711
10.06,9.985749,0.2733198
9.22,8.246649,0.20576322
9.780001,9.851662,0.26927328
8.59,9.03785,0.23145323
10.07,10.250936,0.32406703
9.29,9.354806,0.23418619
7.5300007,8.165567,0.2055429
9.49,9.723516,0.27270898
9.76,9.923595,0.29666576
9.5,9.377185,0.25968108
8.66,8.928966,0.22408858
9.440001,9.252747,0.21769805
9.86,9.890746,0.2823084
8.75,9.179546,0.23386838
9.8,9.951569,0.2910898
8.31,8.844907,0.22859214
10.02,9.952872,0.26105613
10.4,10.117448,0.31294718
9.92,10.241887,0.2750572
9.36,9.506023,0.2616146
9.950001,10.017294,0.3300373
8.95,9.518347,0.25755075
10.09,10.062516,0.26322126
9.540001,9.457237,0.2532431
9.59,9.75401,0.31944734
9.910001,9.856734,0.26470295
9.81,9.946185,0.26684484
9.63,9.443688,0.2548107
9.74,9.405104,0.25663096
10.150001,9.971337,0.2828189
9.9800005,10.00516,0.27930155
9.63,9.766114,0.26629734
9.59,9.7142935,0.25053084
9.320001,9.413203,0.2753433
9.9800005,9.875216,0.27526632
10.46,10.527853,0.34194836
9.49,9.687617,0.240733
9.55,9.543813,0.2054046
8.81,9.177688,0.25549507
9.76,9.939115,0.2343237
6.11,7.5760202,0.23193525
9.43,9.52163,0.23052578
9.34,9.944717,0.28993028
9.67,9.514661,0.24505456
9.55,9.957041,0.29174814
8.82,8.1442995,0.23509611
10.139999,10.0144415,0.27043998
9.7699995,9.658848,0.2578551
8.36,8.9873085,0.25566563
9.71,9.823028,0.32323587
8.429999,8.766815,0.21616097
10.2300005,10.295604,0.32894638
10.01,10.247042,0.2800757
8.66,8.812387,0.20487669
7.5300007,8.032499,0.21065772
9.26,9.382825,0.22166039
10.38,10.1918125,0.31688654
9.650001,9.883248,0.3044093
10.580001,9.966844,0.28200087
9.14,9.061565,0.22708866
9.910001,9.914503,0.2876215
9.89,10.27842,0.28489026
10.07,9.823705,0.2735327
8.46,8.877842,0.24100254
9.320001,9.292465,0.27912807
9.37,9.386828,0.2650738
10.3,9.757648,0.25877294
9.96,9.962995,0.27376842
9.610001,9.835626,0.26930586
9.09,9.672474,0.23820199
9.780001,10.034978,0.3226888
9.36,9.472335,0.24718428
9.83,10.07523,0.29554042
10.17,10.307142,0.32540247
10.1,10.13854,0.31523654
9.68,9.887266,0.27873594
10.02,10.222819,0.33222863
8.200001,7.8755307,0.1918295
9.150001,9.336427,0.2511685
9.040001,9.466052,0.2695765
9.96,9.776512,0.26164958
8.54,8.590457,0.22338039
9.53,9.7609825,0.271535
9.780001,10.0337305,0.2868592
9.29,9.43615,0.27506182
9.25,9.471005,0.29423213
9.43,9.976927,0.27618304
9.42,9.772054,0.24150571
9.410001,9.6422205,0.2840919
9.73,9.711006,0.24799009
7.65,7.954474,0.20998168
10.01,10.1650715,0.28905892
8.910001,8.535368,0.19461119
9.34,9.456663,0.25000745
9.74,9.85612,0.24268042
8.42,7.874311,0.19127461
9.4800005,9.69347,0.24523677
10.07,10.191575,0.26905474
9.52,8.403258,0.19924106
9.42,9.566596,0.25855488
9.43,9.303499,0.25762725
9.63,9.840415,0.25293335
9.9800005,9.993574,0.28498545
9.97,10.112861,0.30989575
8.610001,8.853886,0.21974875
9.86,9.792862,0.24586314
9.12,9.531877,0.28234223
8.79,9.08101,0.25927848
8.940001,9.026846,0.22216952
9.7,9.370808,0.21353613
9.64,9.599379,0.23572864
9.67,10.103723,0.23500043
9.84,9.720774,0.27954254
9.84,9.978418,0.2750096
9.74,9.643081,0.29892275
9.37,9.534805,0.21246818
8.9,9.386511,0.24456722
10.21,10.132706,0.2879307
9.67,10.248614,0.30023786
9.83,9.633069,0.25950864
7.11,7.642214,0.22727354
9.25,9.353064,0.24282333
8.570001,9.16737,0.24507393
9.99,9.985262,0.30948967
10.139999,10.283819,0.26943308
9.450001,9.511421,0.25662673
9.43,9.564921,0.23942639
9.84,9.976876,0.28831396
10.05,10.087446,0.28180313
9.4800005,9.688753,0.27976647
9.93,9.816355,0.24972856
8.34,8.083504,0.21615027
9.9800005,9.350937,0.25559103
9.85,10.049932,0.27959308
9.84,9.844541,0.22988248
9.469999,9.744463,0.25547123
8.59,9.205408,0.21493293
9.150001,9.420259,0.23626402
9.110001,9.205875,0.23935649
9.440001,10.002018,0.26065952
8.68,8.148425,0.2132702
9.05,9.143714,0.2530334
10.02,9.981842,0.26407573
9.49,9.505215,0.23987098
9.93,10.051145,0.26586503
9.820001,9.782392,0.2702425
10.01,9.914787,0.26925945
10.03,10.103978,0.2876867
9.3,9.581586,0.22748631
9.599999,10.016174,0.33741218
8.22,8.550545,0.19545573
8.99,9.484974,0.23457034
9.37,9.288137,0.2861824
9.52,9.911062,0.26733676
10.139999,10.052362,0.28200942
9.35,9.557729,0.26900065
9.0,9.084077,0.24674924
9.06,8.315404,0.23601417
9.76,9.568745,0.29170308
10.37,10.031075,0.3264501
10.01,9.798906,0.28664702
10.3,9.605117,0.28554812
8.67,9.309698,0.2602058
10.06,10.083569,0.31336203
9.46,9.694596,0.268164
10.190001,10.317898,0.3146908
8.59,9.28805,0.25824648
9.33,9.476487,0.2563479
9.73,9.824875,0.26906464
9.610001,10.087644,0.3049642
9.75,9.704769,0.23467249
10.29,9.997621,0.2892644
9.410001,9.401753,0.26439953
10.01,10.050056,0.3115382
9.67,9.856476,0.282955
9.910001,10.1295595,0.285198
9.7699995,9.85058,0.2612712
9.43,9.5901375,0.25111976
9.9800005,10.119085,0.3039763
9.86,10.105052,0.2532218
9.3,9.479692,0.24090478
9.62,9.377777,0.23772326
8.13,8.836101,0.2187285
9.85,10.354635,0.33366382
8.059999,8.429712,0.22754383
9.76,9.884037,0.25218272
9.79,10.153235,0.31027636
9.96,9.943278,0.29135156
9.85,9.907246,0.27423626
9.46,9.540842,0.25696903
9.280001,9.428811,0.24185584
9.25,9.334976,0.24455476
9.35,9.430049,0.23414077
10.02,10.038973,0.238899
10.13,10.1566305,0.28581074
9.240001,9.414513,0.2550041
8.95,9.246966,0.239282
9.780001,9.843199,0.2887403
9.58,9.870364,0.28560764
9.76,10.256717,0.3080674
9.66,9.847249,0.2970832
9.36,9.579013,0.26082236
10.01,9.939647,0.30670112
9.820001,10.033807,0.30971313
9.410001,9.878678,0.29279575
9.86,10.114342,0.31066653
9.66,9.664033,0.25488186
9.97,9.604351,0.27982166
9.5,9.525304,0.26454887
9.29,9.644021,0.2730913
9.070001,9.826513,0.24750611
9.4800005,9.388431,0.26214403
9.73,10.067663,0.2746545
10.35,10.067729,0.28443852
9.57,9.771587,0.26213315
8.75,8.808238,0.21856806
9.06,9.250789,0.24355115
9.34,9.469028,0.2885514
9.88,10.078926,0.27868167
9.280001,9.651817,0.2819204
9.97,9.988891,0.30107653
9.9,9.927384,0.31307045
10.1,9.91163,0.26201046
10.07,10.065615,0.2826389
10.06,9.8006525,0.259652
9.06,9.296459,0.2612552
9.49,9.415464,0.27073908
9.8,9.965604,0.28107223
9.81,9.9708,0.293219
10.01,9.868114,0.2635399
9.31,9.932624,0.27183363
10.03,10.123966,0.30543563
9.84,9.791639,0.2729548
9.690001,9.823544,0.25434178
9.22,9.42623,0.24902266
9.469999,10.036171,0.3195572
8.01,8.8786335,0.2237033
10.1,9.870881,0.25139225
10.41,9.928766,0.27806336
9.89,10.035763,0.26602432
9.820001,9.837885,0.30620274
10.01,9.969968,0.28140715
9.87,9.907539,0.32767525
9.02,9.368041,0.22577497
9.52,8.926342,0.23613122
9.42,9.445001,0.2598566
8.77,9.287341,0.25665042
10.139999,10.225177,0.28092757
9.87,9.516682,0.25577328
9.26,9.404688,0.23169981
8.27,8.439388,0.22505066
9.66,9.748192,0.25819996
9.38,9.637331,0.2760049
9.25,9.497025,0.26317978
10.07,10.039356,0.27662572
9.2,9.274059,0.22363654
8.870001,9.191286,0.2501215
10.09,10.1974125,0.325679
9.690001,9.7834835,0.27842638
9.4,9.389499,0.24982168
9.89,10.021413,0.26600677
9.46,9.824029,0.27065966
9.94,9.727335,0.26395985
9.66,9.395212,0.290396
8.63,7.724124,0.19805828
9.64,9.733185,0.24028404
10.03,9.5385895,0.25709575
9.17,8.935612,0.22208546
9.38,9.50682,0.27557707
9.610001,9.92345,0.27235657
10.03,10.158662,0.30229032
9.66,10.003618,0.26617524
9.320001,9.360092,0.23497842
8.62,8.752195,0.23833217
10.46,10.37698,0.31608352
9.9,10.033112,0.2715913
9.57,9.513014,0.23935817
9.86,9.9144745,0.28721386
9.610001,9.646648,0.26817465
9.64,9.791137,0.23201211
8.73,9.27434,0.23273885
9.71,9.651849,0.2604648
10.280001,10.240355,0.33489805
9.450001,9.557557,0.23860751
10.03,10.157591,0.32166573
8.85,8.803091,0.22385104
9.150001,9.086954,0.2291513
9.67,9.7952,0.26032236
10.18,10.052005,0.29773137
9.410001,9.422693,0.23347114
9.23,9.447823,0.26026124
9.21,9.439345,0.23134273
9.93,9.9422,0.23969573
9.599999,9.625052,0.26074973
9.03,9.4131,0.26813525
9.02,9.389033,0.26669192
10.05,10.064463,0.32779574
9.62,9.941059,0.28026044
8.58,9.146785,0.22887142
9.52,9.586422,0.23793371
9.85,10.05032,0.2947362
10.05,9.948624,0.26236895
9.59,9.8955145,0.23197916
9.62,9.81717,0.26333165
9.7,9.898395,0.28445038
9.690001,9.737378,0.26387239
10.05,10.085396,0.2985452
9.64,9.868149,0.29591966
8.429999,8.548424,0.23049475
9.5,9.503084,0.24838556
10.360001,10.330273,0.34179702
9.599999,9.66838,0.23879734
10.080001,10.208844,0.29660088
9.0,9.292241,0.24844235
9.9,9.68079,0.24691279
9.62,9.873401,0.24536903
9.13,9.360802,0.24775863
9.12,9.360431,0.23471445
9.99,10.02382,0.29219815
9.440001,9.595317,0.26598105
9.49,9.91266,0.27052063
9.73,9.554442,0.24894847
10.490001,10.167423,0.28556895
9.51,9.629867,0.28451195
9.469999,9.799724,0.27708802
9.440001,8.490704,0.2136214
10.21,10.302318,0.3370648
10.21,10.069322,0.26161614
9.690001,9.8036995,0.2569758
9.21,9.302165,0.2724007
10.01,10.056569,0.27561823
9.51,9.609229,0.24680795
8.83,8.974594,0.22751638
9.42,9.369418,0.25298613
9.780001,9.990373,0.3010716
9.599999,9.489787,0.2448539
9.38,9.619694,0.27542886
9.410001,9.834039,0.27282596
9.97,9.984918,0.28007165
7.9400005,8.365948,0.23164399
9.86,9.5416765,0.23935676
9.910001,10.148924,0.2983809
9.53,9.210505,0.25215733
9.81,9.876093,0.2590419
9.43,9.687145,0.26300523
10.05,10.205298,0.34126714
9.690001,9.780407,0.29558313
9.820001,9.468322,0.26409864
9.150001,9.375911,0.25732425
9.71,9.630106,0.2593725
9.79,10.0502825,0.27817273
10.139999,10.005138,0.29703283
9.36,9.49393,0.24334143
8.940001,9.177082,0.24174634
9.31,9.698243,0.25313494
10.3,9.976319,0.2597208
8.67,8.95932,0.2460779
10.17,10.2151785,0.2913634
9.070001,8.908286,0.23229118
9.9800005,9.939386,0.29551965
9.53,9.645825,0.26608682
10.03,10.065014,0.31706235
9.96,10.00408,0.27145794
9.51,9.631751,0.27388406
9.66,9.964828,0.25611448
9.22,9.677441,0.29891694
8.7,9.413558,0.29267555
9.85,9.766863,0.26423076
10.34,10.457114,0.32768095
9.650001,8.91491,0.27017608
9.7,9.882571,0.25173894
9.070001,9.583741,0.2636318
9.38,9.520705,0.29362038
9.72,9.914639,0.2833869
9.910001,9.757798,0.30089852
10.06,10.091328,0.33383512
10.55,9.742195,0.2787584
9.05,9.491996,0.25501475
7.55,8.093815,0.20350952
9.2,9.331695,0.2526475
8.38,8.670905,0.22560813
9.14,9.529791,0.2609234
10.03,10.069258,0.26076257
8.9,9.209031,0.24576335
7.42,7.7528286,0.20299228
10.12,10.204537,0.34031036
10.309999,10.398218,0.3115209
9.610001,9.8492,0.28903055
9.099999,9.299415,0.21581936
9.17,9.33638,0.20895407
9.84,9.4669075,0.25499275
9.38,9.806839,0.26868758
9.14,9.0644245,0.24438496
9.84,9.947825,0.27480644
9.25,9.286106,0.25449857
8.54,8.931432,0.24031048
9.67,9.689386,0.26719198
9.62,10.18702,0.317571
9.81,10.115157,0.31808656
9.88,9.990477,0.2851837
9.96,9.85488,0.2520238
9.17,9.637725,0.31278706
10.03,9.964699,0.27782056
10.150001,10.137376,0.29035112
9.0,9.68782,0.27882975
10.05,9.953214,0.2535758
9.610001,9.709709,0.2443356
9.63,9.880422,0.25958315
7.48,8.22719,0.2155062
9.650001,9.731839,0.278043
9.06,9.399327,0.2410435
9.83,9.963809,0.27795315
9.150001,9.497188,0.26923087
9.39,8.935787,0.21470577
9.099999,9.418097,0.23660997
8.42,8.197245,0.23409003
9.690001,9.624957,0.30730107
9.89,9.921983,0.30072993
9.83,10.123985,0.29120716
10.43,10.368401,0.32876903
9.93,9.769958,0.2641846
9.99,10.043035,0.271196
9.31,9.537442,0.26335824
9.46,9.487535,0.25882307
8.85,9.36435,0.27883762
9.83,10.079503,0.27475816
8.67,9.134977,0.27878606
10.04,10.140372,0.3142502
9.5,9.215957,0.23899157
9.84,9.725065,0.248921
9.4800005,9.470211,0.22882575
10.02,10.253506,0.30701333
9.5,9.838437,0.274706
9.910001,10.047501,0.31570855
10.09,10.032521,0.29748556
9.93,9.97851,0.24324127
9.5,9.8631315,0.3012629
9.650001,9.885013,0.25762147
10.04,10.249359,0.29109088
9.33,9.567717,0.24812478
9.88,9.971578,0.28416115
9.610001,9.669019,0.22955091
9.71,9.89144,0.28081244
9.7,9.813514,0.27540097
10.150001,10.239878,0.27193943
8.86,9.135413,0.20635566
10.080001,10.1673355,0.2967804
10.3,10.112265,0.29097608
9.25,9.449273,0.23511906
8.97,9.506216,0.23666435
8.71,9.2369995,0.24121955
9.7699995,9.710868,0.2671216
9.53,9.215411,0.26178238
9.18,9.612202,0.23341903
8.85,9.2530985,0.23188321
9.950001,10.326805,0.29758504
9.63,9.693665,0.23802075
8.89,9.462353,0.2448073
9.01,8.828357,0.23197547
9.92,10.014335,0.2871386
10.03,9.822118,0.27448422
9.3,9.6747055,0.23945867
10.190001,10.340892,0.2916123
7.6800003,7.8149586,0.1949547
10.190001,9.923792,0.25101948
9.39,9.356549,0.2109573
8.22,8.69501,0.23336893
10.05,9.6060095,0.25674158
9.46,9.748686,0.25541076
10.07,9.412276,0.2519428
9.2,9.489841,0.24202561
10.25,10.214409,0.25221577
9.7699995,9.999718,0.30891228
9.87,10.135655,0.27975044
9.51,9.707114,0.26112473
8.559999,9.014571,0.21149814
9.440001,9.69912,0.25431004
9.81,10.165791,0.31437415
9.94,9.991256,0.3180335
7.98,8.209707,0.22806104
9.84,10.110662,0.28622338
9.9,9.85839,0.27847698
10.12,10.095463,0.3268141
9.88,9.765091,0.25599527
9.320001,9.46048,0.263281
8.34,8.474623,0.21361932
10.29,10.086578,0.33817652
9.18,9.370055,0.22505127
10.09,10.05455,0.31031218
10.080001,9.763814,0.23656699
9.09,9.285103,0.21742658
9.099999,9.182491,0.2706719
9.37,9.330778,0.24621755
9.58,9.492497,0.23372795
9.040001,9.130395,0.22387563
10.06,10.046833,0.26956537
9.16,9.446027,0.2582094
8.54,8.945475,0.20217419
9.96,9.938289,0.28039548
9.42,9.516846,0.24655807
8.49,8.67086,0.25397092
7.95,8.288415,0.23124382
9.4800005,9.672781,0.21955435
9.79,9.895756,0.26562595
10.07,10.269017,0.33396977
9.96,9.987517,0.2834735
8.83,8.758663,0.22347869
9.910001,10.338891,0.31574965
9.34,9.58892,0.25883213
7.48,8.130126,0.18964614
8.64,8.63747,0.24087234
9.4800005,9.6908,0.24936257
9.540001,9.916928,0.32617232
9.56,9.635061,0.24844693
9.97,10.179485,0.2750742
9.75,10.065861,0.2736377
8.69,9.445169,0.25487217
9.43,9.649296,0.2569651
9.63,10.084029,0.27487707
9.2,9.549163,0.2603744
10.33,10.1284,0.29784667
9.56,9.418289,0.24680313
8.429999,9.211436,0.27308443
10.080001,10.158977,0.33057484
9.4800005,9.667925,0.25406772
9.39,9.3687105,0.22928351
9.72,9.926601,0.28237137
10.309999,10.273759,0.32836494
8.83,9.134543,0.25096774
10.1,10.09299,0.2867933
9.910001,9.929019,0.303569
9.96,9.881565,0.2526976
9.85,9.388339,0.23314592
9.73,9.911539,0.23396522
8.13,8.667821,0.2345294
9.950001,10.1970215,0.29800308
9.21,9.221799,0.24142802
10.02,10.281454,0.33770108
8.95,9.1077175,0.25264773
9.92,9.595037,0.24741592
8.030001,8.561894,0.20875187
9.9800005,9.543011,0.25109062
9.410001,8.851089,0.20520158
10.07,10.168541,0.34562945
9.01,8.132974,0.24413885
9.08,9.446492,0.22780775
9.22,9.546106,0.23792267
9.89,9.882643,0.2959145
8.73,8.7660475,0.21591663
10.490001,10.30992,0.28150845
7.6700006,8.2078,0.20999418
9.450001,9.410282,0.23971018
8.93,9.392641,0.23871337
9.87,10.197699,0.2813769
9.43,9.325694,0.24690159
10.080001,10.049073,0.28421807
9.9,9.968014,0.2820755
10.12,10.071021,0.27820277
9.81,9.676773,0.26396123
10.18,9.962666,0.29081047
9.43,9.446157,0.27691093
8.12,8.506603,0.20445399
9.280001,9.44039,0.2506358
9.38,9.565939,0.28578362
9.86,9.903219,0.2760607
9.84,9.809692,0.26763514
9.75,9.628595,0.2512937
8.62,8.849699,0.26110983
9.39,9.604755,0.26977685
8.780001,8.534659,0.2534552
10.17,10.304413,0.30420196
9.690001,9.89261,0.29677895
9.7,10.039061,0.2656417
9.650001,9.6937065,0.2818346
9.52,9.512312,0.2613095
10.280001,10.096965,0.35275045
9.070001,9.129724,0.2369177
10.1,10.132371,0.28206158
9.55,9.6334915,0.30561504
8.51,8.508503,0.24675772
9.68,9.950428,0.29397926
10.03,10.094824,0.29980126
9.110001,9.257469,0.21694252
9.66,9.845603,0.23809227
9.55,9.680124,0.24577355
8.3,8.563332,0.20994188
8.89,9.418635,0.24417081
9.650001,9.727122,0.27880576
10.150001,10.30296,0.32916176
10.190001,10.167271,0.31228197
9.320001,9.387687,0.2532841
9.86,9.949662,0.28491536
9.67,9.669062,0.27401686
9.49,9.951465,0.3172414
9.64,9.976591,0.29809678
9.75,9.807715,0.26881292
10.03,10.152029,0.29635316
10.080001,9.652495,0.28714767
9.910001,9.850026,0.27421832
6.95,7.935879,0.24276997
10.110001,10.207953,0.30070394
8.79,9.105375,0.22919153
9.469999,9.672799,0.25244966
10.6,10.103573,0.31639817
9.96,9.755657,0.28444466
10.139999,10.123139,0.26233056
9.540001,9.857658,0.27626243
10.02,9.902294,0.25078866
9.320001,9.35989,0.22959295
9.75,9.805392,0.2818145
8.77,8.547457,0.23423414
9.410001,10.022191,0.30893335
10.12,10.218452,0.29898354
10.0,10.053211,0.29892036
9.52,9.873786,0.257678
9.76,9.986416,0.2794632
8.54,8.816638,0.23330812
7.48,8.486156,0.21680005
8.49,9.213357,0.24832097
9.63,9.64971,0.27804777
9.820001,9.983504,0.2599707
9.26,9.5448885,0.26842883
9.85,9.963666,0.2377816
9.66,9.893918,0.24426094
9.820001,9.793428,0.26682472
9.410001,9.56176,0.27082345
9.84,9.871122,0.23193656
10.24,10.118864,0.28842267
9.92,10.041483,0.2869
7.69,8.031382,0.21304153
9.87,10.133576,0.31690735
8.29,8.746348,0.22660787
10.16,10.110536,0.2758376
10.309999,10.263252,0.2972435
10.04,9.873414,0.26749647
10.34,10.380642,0.29641485
9.9800005,9.897999,0.26680493
8.77,8.8021965,0.23203081
10.12,9.913944,0.26105905
10.03,10.151045,0.30731598
8.88,9.137437,0.224666
9.01,8.724375,0.22874294
10.03,9.739784,0.31995776
9.25,9.268407,0.25368363
10.04,10.124747,0.2853771
9.3,9.482546,0.25967607
9.56,9.810212,0.2600064
10.44,10.052068,0.28817564
8.36,8.308133,0.19241145
9.88,9.849486,0.25633922
10.150001,10.108484,0.26871672
9.62,9.729179,0.28266084
9.68,9.865597,0.27489784
8.41,7.801286,0.18089303
9.110001,9.320896,0.23423374
8.96,9.060752,0.23689143
7.6000004,7.751547,0.20674248
9.49,9.412092,0.26681417
8.77,8.955802,0.23574667
9.05,9.262915,0.26750425
9.68,9.935232,0.26899028
9.33,8.809712,0.21443246
8.93,9.19963,0.25345725
9.87,10.038855,0.3007039
9.68,9.685709,0.27208108
10.12,10.040249,0.2878783
9.440001,9.46561,0.27465516
9.450001,9.030439,0.2693902
8.35,8.56943,0.20769595
10.0,10.215722,0.30895126
10.13,10.122628,0.28817242
9.71,9.994283,0.2506076
9.8,10.056101,0.2986205
9.21,9.257041,0.24919939
9.81,9.848125,0.27809206
8.26,8.816266,0.20282187
9.690001,9.697558,0.28653014
9.86,9.986883,0.27251163
9.72,9.604502,0.28220823
9.34,9.43352,0.21854813
9.68,9.668154,0.27746686
9.16,8.693869,0.21798158
9.99,9.94798,0.2734845
9.56,9.525129,0.27398995
9.070001,9.243852,0.25765726
9.280001,8.132856,0.20855623
9.96,9.782111,0.28283203
9.49,9.9463415,0.27311903
10.2300005,10.300616,0.28955603
9.9,9.896655,0.26939818
9.57,9.544579,0.24762724
10.66,9.945819,0.3105515
9.2,9.555116,0.2402891
9.37,9.659576,0.2573373
10.5,10.378558,0.28795487
9.7699995,9.684887,0.3008876
9.43,9.690237,0.24099652
9.820001,9.881363,0.29269433
9.87,9.575305,0.26207176
9.17,9.394965,0.23229317
9.49,9.765858,0.2564674
8.77,9.305057,0.25275925
9.33,9.681259,0.2688639
9.540001,9.995294,0.2548149
9.74,9.5286875,0.28158385
9.53,9.744955,0.25793475
10.0,10.073014,0.29249185
10.06,10.178181,0.30289933
9.610001,9.653314,0.26810518
9.650001,9.599123,0.27528682
10.41,9.813039,0.30284807
9.9,9.754283,0.2635767
10.12,10.040698,0.2552305
9.84,9.7760315,0.234535
9.73,9.757793,0.287674
9.7,9.907316,0.27465937
9.39,9.8555975,0.30335602
10.2,10.301535,0.30556494
9.96,10.172627,0.2713901
9.440001,9.481425,0.26003036
7.9700003,8.079612,0.21735471
8.21,9.154266,0.23097901
9.53,9.860673,0.28573015
8.17,8.594304,0.2180422
10.34,10.340561,0.29464805
9.58,10.051243,0.3150365
9.75,9.602943,0.24694075
9.79,9.967227,0.25861117
9.85,10.121014,0.30162832
9.320001,9.528729,0.2990629
8.89,8.755893,0.23054089
10.110001,10.069739,0.32124397
9.110001,9.439595,0.27886796
9.97,9.809512,0.28168485
10.150001,10.1289,0.27222648
9.97,10.100042,0.2505382
10.18,10.090714,0.24601094
9.17,9.369426,0.24716559
7.57,8.253987,0.2412483
9.83,9.894804,0.28743783
9.17,9.252228,0.27466422
9.5,9.882919,0.25459796
9.62,9.9325695,0.27548832
9.31,9.511735,0.2621672
8.940001,8.837325,0.23222177
9.46,9.490394,0.23478419
9.690001,9.804149,0.2876422
10.2300005,10.08858,0.27804404
10.17,10.100515,0.28738782
9.36,9.650729,0.2417925
9.08,9.295741,0.26206672
9.53,9.699785,0.2788433
9.2699995,9.504887,0.26236257
9.110001,9.499719,0.25327438
10.150001,10.056026,0.29825488
10.5,10.393752,0.30326468
7.9400005,8.911084,0.22435874
9.87,10.071226,0.30022782
9.67,9.464597,0.27011016
